activity_comment	activity_id	assay_chembl_id	assay_description	assay_type	canonical_smiles	data_validity_comment	molecule_chembl_id	relation	standard_type	standard_units	standard_value	target_chembl_id	target_organism	type	units	value
	2470361	CHEMBL981743	Inhibition of PIP5K2B at 3 uM	B	CN(C)CCOc1cc(-c2cn[nH]c2)ccc1NC(=O)C1COc2ccccc2O1		CHEMBL521179	<	Inhibition	%	10.0	CHEMBL5667	Homo sapiens	INH	%	10.0
	2470361	CHEMBL981743	Inhibition of PIP5K2B at 3 uM	B	CN(C)CCOc1cc(-c2cn[nH]c2)ccc1NC(=O)C1COc2ccccc2O1		CHEMBL521179	<	Inhibition	%	10.0	CHEMBL5667	Homo sapiens	INH	%	10.0
	2596894	CHEMBL1017905	Inhibition of PIP5K2B assessed as enzyme activity relative to control	B	C[C@H]1CCN(C(=O)CC#N)C[C@@H]1N(C)c1ncnc2[nH]ccc12		CHEMBL457871	=	Activity	%	32.0	CHEMBL5667	Homo sapiens	Activity	%	32.0
	2596902	CHEMBL1017905	Inhibition of PIP5K2B assessed as enzyme activity relative to control	B	C[C@@H]1CCN(C(=O)CC#N)C[C@H]1N(C)c1ncnc2[nH]ccc12		CHEMBL459977	=	Activity	%	20.0	CHEMBL5667	Homo sapiens	Activity	%	20.0
	2891223	CHEMBL1062784	Binding constant for full-length PIP5K2B	B	Cc1ccc(F)c(NC(=O)Nc2ccc(-c3cccc4[nH]nc(N)c34)cc2)c1		CHEMBL223360	>	Kd	nM	10000.0	CHEMBL5667	Homo sapiens	Kd	uM	10.0
	2891224	CHEMBL1062784	Binding constant for full-length PIP5K2B	B	CC1(C)CNc2cc(NC(=O)c3cccnc3NCc3ccncc3)ccc21		CHEMBL572881	>	Kd	nM	10000.0	CHEMBL5667	Homo sapiens	Kd	uM	10.0
	2891225	CHEMBL1062784	Binding constant for full-length PIP5K2B	B	CCN1CCN(Cc2ccc(NC(=O)Nc3ccc(Oc4cc(NC)ncn4)cc3)cc2C(F)(F)F)CC1		CHEMBL574738	>	Kd	nM	10000.0	CHEMBL5667	Homo sapiens	Kd	uM	10.0
	2891226	CHEMBL1062784	Binding constant for full-length PIP5K2B	B	CCN(CCO)CCCOc1ccc2c(Nc3cc(CC(=O)Nc4cccc(F)c4)[nH]n3)ncnc2c1		CHEMBL215152	>	Kd	nM	10000.0	CHEMBL5667	Homo sapiens	Kd	uM	10.0
	2891227	CHEMBL1062784	Binding constant for full-length PIP5K2B	B	Cc1ccc(-n2nc(C(C)(C)C)cc2NC(=O)Nc2ccc(OCCN3CCOCC3)c3ccccc23)cc1		CHEMBL103667	>	Kd	nM	10000.0	CHEMBL5667	Homo sapiens	Kd	uM	10.0
	2891228	CHEMBL1062784	Binding constant for full-length PIP5K2B	B	CC(C)(C)c1cnc(CSc2cnc(NC(=O)C3CCNCC3)s2)o1		CHEMBL296468	>	Kd	nM	10000.0	CHEMBL5667	Homo sapiens	Kd	uM	10.0
	2891229	CHEMBL1062784	Binding constant for full-length PIP5K2B	B	CN1CCN(c2ccc3nc(-c4c(N)c5c(F)cccc5[nH]c4=O)[nH]c3c2)CC1		CHEMBL522892	=	Kd	nM	260.0	CHEMBL5667	Homo sapiens	Kd	nM	260.0
	2891230	CHEMBL1062784	Binding constant for full-length PIP5K2B	B	Cn1c(Nc2ccc(C(F)(F)F)cc2)nc2cc(Oc3ccnc(-c4ncc(C(F)(F)F)[nH]4)c3)ccc21		CHEMBL558752	>	Kd	nM	10000.0	CHEMBL5667	Homo sapiens	Kd	uM	10.0
	2891231	CHEMBL1062784	Binding constant for full-length PIP5K2B	B	C=CC(=O)Nc1cc2c(Nc3ccc(F)c(Cl)c3)ncnc2cc1OCCCN1CCOCC1		CHEMBL31965	>	Kd	nM	10000.0	CHEMBL5667	Homo sapiens	Kd	uM	10.0
	2891232	CHEMBL1062784	Binding constant for full-length PIP5K2B	B	C[C@@H]1CCN(C(=O)CC#N)C[C@@H]1N(C)c1ncnc2[nH]ccc12		CHEMBL221959	>	Kd	nM	10000.0	CHEMBL5667	Homo sapiens	Kd	uM	10.0
	2891233	CHEMBL1062784	Binding constant for full-length PIP5K2B	B	COCC(=O)NC/C=C/c1ccc2ncnc(Nc3ccc(Oc4ccc(C)nc4)c(C)c3)c2c1		CHEMBL483321	>	Kd	nM	10000.0	CHEMBL5667	Homo sapiens	Kd	uM	10.0
	2891234	CHEMBL1062784	Binding constant for full-length PIP5K2B	B	Cc1nc(Nc2ncc(C(=O)Nc3c(C)cccc3Cl)s2)cc(N2CCN(CCO)CC2)n1		CHEMBL1421	>	Kd	nM	10000.0	CHEMBL5667	Homo sapiens	Kd	uM	10.0
	2891235	CHEMBL1062784	Binding constant for full-length PIP5K2B	B	CCOc1cc2ncc(C#N)c(Nc3ccc(F)c(Cl)c3)c2cc1NC(=O)/C=C/CN(C)C		CHEMBL607707	=	Kd	nM	2600.0	CHEMBL5667	Homo sapiens	Kd	nM	2600.0
	2892018	CHEMBL1062784	Binding constant for full-length PIP5K2B	B	C#Cc1cccc(Nc2ncnc3cc(OCCOC)c(OCCOC)cc23)c1		CHEMBL553	>	Kd	nM	10000.0	CHEMBL5667	Homo sapiens	Kd	uM	10.0
	2892019	CHEMBL1062784	Binding constant for full-length PIP5K2B	B	CN1CC[C@H](c2c(O)cc(O)c3c(=O)cc(-c4ccccc4Cl)oc23)[C@H](O)C1		CHEMBL428690	>	Kd	nM	10000.0	CHEMBL5667	Homo sapiens	Kd	uM	10.0
	2892020	CHEMBL1062784	Binding constant for full-length PIP5K2B	B	COc1cc2ncnc(Nc3ccc(F)c(Cl)c3)c2cc1OCCCN1CCOCC1		CHEMBL939	>	Kd	nM	10000.0	CHEMBL5667	Homo sapiens	Kd	uM	10.0
	2892021	CHEMBL1062784	Binding constant for full-length PIP5K2B	B	COc1ccc(COc2ccc(Cc3cnc(N)nc3N)cc2OC)cc1		CHEMBL261849	>	Kd	nM	10000.0	CHEMBL5667	Homo sapiens	Kd	uM	10.0
	2892022	CHEMBL1062784	Binding constant for full-length PIP5K2B	B	Cc1ccc(Nc2nccc(N(C)c3ccc4c(C)n(C)nc4c3)n2)cc1S(N)(=O)=O		CHEMBL477772	>	Kd	nM	10000.0	CHEMBL5667	Homo sapiens	Kd	uM	10.0
	2892023	CHEMBL1062784	Binding constant for full-length PIP5K2B	B	Cc1ccc(NC(=O)c2ccc(CN3CCN(C)CC3)cc2)cc1Nc1nccc(-c2cccnc2)n1		CHEMBL941	>	Kd	nM	10000.0	CHEMBL5667	Homo sapiens	Kd	uM	10.0
	2892024	CHEMBL1062784	Binding constant for full-length PIP5K2B	B	Nc1nc(Nc2ccc(S(N)(=O)=O)cc2)nn1C(=O)c1c(F)cccc1F		CHEMBL191003	=	Kd	nM	1300.0	CHEMBL5667	Homo sapiens	Kd	nM	1300.0
	2892025	CHEMBL1062784	Binding constant for full-length PIP5K2B	B	CS(=O)(=O)CCNCc1ccc(-c2ccc3ncnc(Nc4ccc(OCc5cccc(F)c5)c(Cl)c4)c3c2)o1		CHEMBL554	>	Kd	nM	10000.0	CHEMBL5667	Homo sapiens	Kd	uM	10.0
	2892026	CHEMBL1062784	Binding constant for full-length PIP5K2B	B	CN(C)C[C@@H]1CCn2cc(c3ccccc32)C2=C(C(=O)NC2=O)c2cn(c3ccccc23)CCO1		CHEMBL91829	=	Kd	nM	830.0	CHEMBL5667	Homo sapiens	Kd	nM	830.0
	2892027	CHEMBL1062784	Binding constant for full-length PIP5K2B	B	COc1cc2c(N3CCN(C(=O)Nc4ccc(OC(C)C)cc4)CC3)ncnc2cc1OCCCN1CCCCC1		CHEMBL124660	>	Kd	nM	10000.0	CHEMBL5667	Homo sapiens	Kd	uM	10.0
	2892028	CHEMBL1062784	Binding constant for full-length PIP5K2B	B	O=C(O)c1ccc(Nc2ncc3c(n2)-c2ccc(Cl)cc2C(c2c(F)cccc2F)=NC3)cc1		CHEMBL259084	>	Kd	nM	10000.0	CHEMBL5667	Homo sapiens	Kd	uM	10.0
	2892029	CHEMBL1062784	Binding constant for full-length PIP5K2B	B	Oc1cccc(-c2nc(N3CCOCC3)c3oc4ncccc4c3n2)c1		CHEMBL573339	>	Kd	nM	10000.0	CHEMBL5667	Homo sapiens	Kd	uM	10.0
	2892030	CHEMBL1062784	Binding constant for full-length PIP5K2B	B	CO[C@@H]1[C@H](N(C)C(=O)c2ccccc2)C[C@H]2O[C@]1(C)n1c3ccccc3c3c4c(c5c6ccccc6n2c5c31)C(=O)NC4		CHEMBL608533	=	Kd	nM	270.0	CHEMBL5667	Homo sapiens	Kd	nM	270.0
	2892031	CHEMBL1062784	Binding constant for full-length PIP5K2B	B	Clc1ccc(Nc2nnc(Cc3ccncc3)c3ccccc23)cc1		CHEMBL101253	>	Kd	nM	10000.0	CHEMBL5667	Homo sapiens	Kd	uM	10.0
	2892032	CHEMBL1062784	Binding constant for full-length PIP5K2B	B	CC[C@H](CO)Nc1nc(NCc2ccccc2)c2ncn(C(C)C)c2n1		CHEMBL14762	>	Kd	nM	10000.0	CHEMBL5667	Homo sapiens	Kd	uM	10.0
	2892033	CHEMBL1062784	Binding constant for full-length PIP5K2B	B	Oc1ccc(-c2nc(-c3ccc(F)cc3)c(-c3ccncc3)[nH]2)cc1		CHEMBL278041	>	Kd	nM	10000.0	CHEMBL5667	Homo sapiens	Kd	uM	10.0
	2892034	CHEMBL1062784	Binding constant for full-length PIP5K2B	B	C[S+]([O-])c1ccc(-c2nc(-c3ccc(F)cc3)c(-c3ccncc3)[nH]2)cc1		CHEMBL10	>	Kd	nM	10000.0	CHEMBL5667	Homo sapiens	Kd	uM	10.0
	2892035	CHEMBL1062784	Binding constant for full-length PIP5K2B	B	NC(=O)c1ccc(-c2nc(-c3ccccn3)c(-c3ccc4c(c3)OCO4)[nH]2)cc1		CHEMBL440084	>	Kd	nM	10000.0	CHEMBL5667	Homo sapiens	Kd	uM	10.0
	2892036	CHEMBL1062784	Binding constant for full-length PIP5K2B	B	CNC(=O)c1cc(Oc2ccc(NC(=O)Nc3ccc(Cl)c(C(F)(F)F)c3)cc2)ccn1		CHEMBL1336	>	Kd	nM	10000.0	CHEMBL5667	Homo sapiens	Kd	uM	10.0
	2892037	CHEMBL1062784	Binding constant for full-length PIP5K2B	B	CN[C@@H]1C[C@H]2O[C@@](C)([C@@H]1OC)n1c3ccccc3c3c4c(c5c6ccccc6n2c5c31)C(=O)NC4		CHEMBL388978	=	Kd	nM	77.0	CHEMBL5667	Homo sapiens	Kd	nM	77.0
	2892038	CHEMBL1062784	Binding constant for full-length PIP5K2B	B	Cc1[nH]c(/C=C2\C(=O)Nc3ccc(F)cc32)c(C)c1C(=O)NC[C@H](O)CN1CCOCC1		CHEMBL1721885	=	Kd	nM	260.0	CHEMBL5667	Homo sapiens	Kd	nM	260.0
	2892039	CHEMBL1062784	Binding constant for full-length PIP5K2B	B	CCN(CC)CCNC(=O)c1c(C)[nH]c(/C=C2\C(=O)Nc3ccc(F)cc32)c1C		CHEMBL535	=	Kd	nM	39.0	CHEMBL5667	Homo sapiens	Kd	nM	39.0
	2892040	CHEMBL1062784	Binding constant for full-length PIP5K2B	B	Cc1cc(Nc2cc(N3CCN(C)CC3)nc(Sc3ccc(NC(=O)C4CC4)cc3)n2)n[nH]1		CHEMBL572878	=	Kd	nM	140.0	CHEMBL5667	Homo sapiens	Kd	nM	140.0
	2892041	CHEMBL1062784	Binding constant for full-length PIP5K2B	B	O=c1ncn2nc(Sc3ccc(F)cc3F)ccc2c1-c1c(Cl)cccc1Cl		CHEMBL119385	>	Kd	nM	10000.0	CHEMBL5667	Homo sapiens	Kd	uM	10.0
	2892042	CHEMBL1062784	Binding constant for full-length PIP5K2B	B	COc1cc2c(Nc3ccc(Br)cc3F)ncnc2cc1OCC1CCN(C)CC1		CHEMBL24828	>	Kd	nM	10000.0	CHEMBL5667	Homo sapiens	Kd	uM	10.0
	2921208	CHEMBL1057595	Inhibition of PIP5K2B assessed as enzyme activity at 1 uM relative to untreated control	B	Cc1ccc2c(Nc3ccc(Cl)cc3)nccc2c1Nc1ncccc1-c1ncnc2[nH]cnc12.Cl.Cl.Cl		CHEMBL3215582	=	Activity	%	57.0	CHEMBL5667	Homo sapiens	Activity	%	57.0
	3332100	CHEMBL1166811	Inhibition of PIP5K2B at 1 uM	B	CN1CCN(c2ccc(-c3cnc4c(c3)N(Cc3cc(F)ccc3F)CCN4)cn2)CC1		CHEMBL1165499	<	Inhibition	%	50.0	CHEMBL5667	Homo sapiens	INH	%	50.0
	3333515	CHEMBL1166811	Inhibition of PIP5K2B at 1 uM	B	CN1CCN(c2ccc(-c3cnc4c(c3)N(Cc3cc(Cl)ccc3C(F)(F)F)CCN4)cn2)CC1		CHEMBL1164180	<	Inhibition	%	50.0	CHEMBL5667	Homo sapiens	INH	%	50.0
	3334920	CHEMBL1166811	Inhibition of PIP5K2B at 1 uM	B	CN1CCN(c2ccc(-c3cnc4c(c3)N(Cc3cc(Cl)ccc3Cl)CCN4)cn2)CC1		CHEMBL1164181	<	Inhibition	%	50.0	CHEMBL5667	Homo sapiens	INH	%	50.0
	3336340	CHEMBL1166811	Inhibition of PIP5K2B at 1 uM	B	CN1CCN(c2ccc(-c3cnc4c(c3)N(Cc3c(F)ccc(F)c3Cl)CCN4)cn2)CC1		CHEMBL1164265	<	Inhibition	%	50.0	CHEMBL5667	Homo sapiens	INH	%	50.0
	3337619	CHEMBL1166811	Inhibition of PIP5K2B at 1 uM	B	O=C(O)c1ccc(-c2cnc3c(c2)N(Cc2cc(Cl)ccc2C(F)(F)F)CCN3)cc1		CHEMBL1163510	<	Inhibition	%	50.0	CHEMBL5667	Homo sapiens	INH	%	50.0
	3338950	CHEMBL1166811	Inhibition of PIP5K2B at 1 uM	B	O=C(c1ccc(-c2cnc3c(c2)N(Cc2cc(Cl)ccc2C(F)(F)F)CCN3)cc1)N1CCCCC1		CHEMBL1163518	<	Inhibition	%	50.0	CHEMBL5667	Homo sapiens	INH	%	50.0
	3339204	CHEMBL1166811	Inhibition of PIP5K2B at 1 uM	B	COC1CCN(C(=O)c2ccc(-c3cnc4c(c3)N(Cc3cc(Cl)ccc3C(F)(F)F)CCN4)cc2)CC1		CHEMBL1163567	<	Inhibition	%	50.0	CHEMBL5667	Homo sapiens	INH	%	50.0
	3340507	CHEMBL1166811	Inhibition of PIP5K2B at 1 uM	B	O=C(c1ccc(-c2cnc3c(c2)N(Cc2cc(Cl)ccc2C(F)(F)F)CCN3)cc1)N1CCC(N2CCCC2)CC1		CHEMBL1163559	<	Inhibition	%	50.0	CHEMBL5667	Homo sapiens	INH	%	50.0
	3341882	CHEMBL1166811	Inhibition of PIP5K2B at 1 uM	B	FC(F)(F)c1ccc(Cl)cc1CN1CCNc2ncc(-c3ccnc(N4CCNCC4)c3)cc21		CHEMBL1163566	<	Inhibition	%	50.0	CHEMBL5667	Homo sapiens	INH	%	50.0
	3343329	CHEMBL1166811	Inhibition of PIP5K2B at 1 uM	B	CC(=O)N1CCN(c2cc(-c3cnc4c(c3)N(Cc3cc(Cl)ccc3C(F)(F)F)CCN4)ccn2)CC1		CHEMBL1163565	<	Inhibition	%	50.0	CHEMBL5667	Homo sapiens	INH	%	50.0
	3358752	CHEMBL1175218	Inhibition of PIP5K2B at 10 uM	B	CCN1CCN(Cc2ccc(NC(=O)c3ccc(C)c(C#Cc4cccnc4)c3)cc2C(F)(F)F)CC1		CHEMBL1171523	=	Inhibition	%	58.0	CHEMBL5667	Homo sapiens	INH	%	58.0
	3359194	CHEMBL1175218	Inhibition of PIP5K2B at 10 uM	B	CCN1CCN(Cc2ccc(NC(=O)c3ccc(C)c(C#Cc4cnc5[nH]ccc5c4)c3)cc2C(F)(F)F)CC1		CHEMBL1170139	=	Inhibition	%	7.7	CHEMBL5667	Homo sapiens	INH	%	7.7
	3445255	CHEMBL1244926	Binding affinity to PIP5K2B	B	C[C@]12O[C@H](C[C@]1(O)CO)n1c3ccccc3c3c4c(c5c6ccccc6n2c5c31)CNC4=O		CHEMBL603469	=	Kd	nM	18.0	CHEMBL5667	Homo sapiens	Kd	nM	18.0
	3448573	CHEMBL1244926	Binding affinity to PIP5K2B	B	COc1cc2c(N3CCN(C(=O)Nc4ccc(OC(C)C)cc4)CC3)ncnc2cc1OCCCN1CCCCC1		CHEMBL124660	>	Kd	nM	10000.0	CHEMBL5667	Homo sapiens	Kd	uM	10.0
	3449012	CHEMBL1244926	Binding affinity to PIP5K2B	B	CO[C@@H]1[C@H](N(C)C(=O)c2ccccc2)C[C@H]2O[C@]1(C)n1c3ccccc3c3c4c(c5c6ccccc6n2c5c31)C(=O)NC4		CHEMBL608533	=	Kd	nM	270.0	CHEMBL5667	Homo sapiens	Kd	nM	270.0
	3449306	CHEMBL1244926	Binding affinity to PIP5K2B	B	CCN(CC)CCNC(=O)c1c(C)[nH]c(/C=C2\C(=O)Nc3ccc(F)cc32)c1C		CHEMBL535	=	Kd	nM	39.0	CHEMBL5667	Homo sapiens	Kd	nM	39.0
	3449485	CHEMBL1244926	Binding affinity to PIP5K2B	B	CO[C@@H]1[C@H](N(C)C(=O)c2ccccc2)C[C@H]2O[C@]1(C)n1c3ccccc3c3c4c(c5c6ccccc6n2c5c31)C(=O)N[C@H]4O		CHEMBL1240703	=	Kd	nM	3200.0	CHEMBL5667	Homo sapiens	Kd	nM	3200.0
	3449804	CHEMBL1244926	Binding affinity to PIP5K2B	B	CC(C)(C)c1cc(NC(=O)Nc2ccc(-c3cn4c(n3)sc3cc(OCCN5CCOCC5)ccc34)cc2)no1		CHEMBL576982	>	Kd	nM	10000.0	CHEMBL5667	Homo sapiens	Kd	uM	10.0
	3450199	CHEMBL1244926	Binding affinity to PIP5K2B	B	CNC(=O)c1cc(Oc2ccc(NC(=O)Nc3ccc(Cl)c(C(F)(F)F)c3)cc2)ccn1		CHEMBL1336	>	Kd	nM	10000.0	CHEMBL5667	Homo sapiens	Kd	uM	10.0
	6339886	CHEMBL1826085	Activity of PIP5K2B kinase at 1 uM	B	CC(=O)Nc1cn2nc(-c3cnc(Cl)c(NS(=O)(=O)c4ccc(F)cc4)c3)ccc2n1		CHEMBL1822054	=	Activity	%	36.0	CHEMBL5667	Homo sapiens	Activity	%	36.0
	7567310	CHEMBL1908612	Binding constant for PIP5K2B kinase domain	B	COc1cc2c(Oc3ccc4[nH]c(C)cc4c3F)ncnc2cc1OCCCN1CCCC1		CHEMBL491473	>	Kd	nM	10000.0	CHEMBL5667	Homo sapiens	Kd	nM	10000.0
	7567769	CHEMBL1908612	Binding constant for PIP5K2B kinase domain	B	C[C@@H]1CCN(C(=O)CC#N)C[C@@H]1N(C)c1ncnc2[nH]ccc12		CHEMBL221959	>	Kd	nM	10000.0	CHEMBL5667	Homo sapiens	Kd	nM	10000.0
	7568266	CHEMBL1908612	Binding constant for PIP5K2B kinase domain	B	CSc1cccc(Nc2ncc3cc(-c4c(Cl)cccc4Cl)c(=O)n(C)c3n2)c1		CHEMBL386051	>	Kd	nM	10000.0	CHEMBL5667	Homo sapiens	Kd	nM	10000.0
	7568698	CHEMBL1908612	Binding constant for PIP5K2B kinase domain	B	Cc1[nH]c(/C=C2\C(=O)Nc3ccc(F)cc32)c(C)c1C(=O)NC[C@H](O)CN1CCOCC1		CHEMBL1721885	=	Kd	nM	260.0	CHEMBL5667	Homo sapiens	Kd	nM	260.0
	7569283	CHEMBL1908612	Binding constant for PIP5K2B kinase domain	B	Cn1cnc2c(F)c(Nc3ccc(Br)cc3Cl)c(C(=O)NOCCO)cc21		CHEMBL1614701	>	Kd	nM	10000.0	CHEMBL5667	Homo sapiens	Kd	nM	10000.0
	7569743	CHEMBL1908612	Binding constant for PIP5K2B kinase domain	B	C[C@@H](Oc1cc(-c2cnn(C3CCNCC3)c2)cnc1N)c1c(Cl)ccc(F)c1Cl		CHEMBL601719	>	Kd	nM	10000.0	CHEMBL5667	Homo sapiens	Kd	nM	10000.0
	7569773	CHEMBL1908612	Binding constant for PIP5K2B kinase domain	B	Cc1ccc(NC(=O)c2ccc(CN3CCN(C)CC3)cc2)cc1Nc1nccc(-c2cccnc2)n1		CHEMBL941	>	Kd	nM	10000.0	CHEMBL5667	Homo sapiens	Kd	nM	10000.0
	7570236	CHEMBL1908612	Binding constant for PIP5K2B kinase domain	B	Cc1[nH]c(/C=C2\C(=O)Nc3ccc(S(=O)(=O)Cc4c(Cl)cccc4Cl)cc32)c(C)c1C(=O)N1CCC[C@@H]1CN1CCCC1		CHEMBL450786	=	Kd	nM	1600.0	CHEMBL5667	Homo sapiens	Kd	nM	1600.0
	7570663	CHEMBL1908612	Binding constant for PIP5K2B kinase domain	B	CCN(CC)CCNC(=O)c1c(C)[nH]c(/C=C2\C(=O)Nc3ccc(F)cc32)c1C		CHEMBL535	=	Kd	nM	39.0	CHEMBL5667	Homo sapiens	Kd	nM	39.0
	7571259	CHEMBL1908612	Binding constant for PIP5K2B kinase domain	B	CC[C@@H]1C(=O)N(C)c2cnc(Nc3ccc(C(=O)NC4CCN(C)CC4)cc3OC)nc2N1C1CCCC1		CHEMBL513909	>	Kd	nM	10000.0	CHEMBL5667	Homo sapiens	Kd	nM	10000.0
	7571750	CHEMBL1908612	Binding constant for PIP5K2B kinase domain	B	N#CC[C@H](C1CCCC1)n1cc(-c2ncnc3[nH]ccc23)cn1		CHEMBL1789941	>	Kd	nM	10000.0	CHEMBL5667	Homo sapiens	Kd	nM	10000.0
	7572213	CHEMBL1908612	Binding constant for PIP5K2B kinase domain	B	Oc1cccc(-c2nc(N3CCOCC3)c3oc4ncccc4c3n2)c1		CHEMBL573339	>	Kd	nM	10000.0	CHEMBL5667	Homo sapiens	Kd	nM	10000.0
	7572629	CHEMBL1908612	Binding constant for PIP5K2B kinase domain	B	COc1cc(N2CCC(N3CCN(C)CC3)CC2)ccc1Nc1ncc(Cl)c(Nc2ccccc2S(=O)(=O)C(C)C)n1		CHEMBL509032	>	Kd	nM	10000.0	CHEMBL5667	Homo sapiens	Kd	nM	10000.0
	7573255	CHEMBL1908612	Binding constant for PIP5K2B kinase domain	B	Cc1nc(Nc2ncc(C(=O)Nc3c(C)cccc3Cl)s2)cc(N2CCN(CCO)CC2)n1		CHEMBL1421	>	Kd	nM	10000.0	CHEMBL5667	Homo sapiens	Kd	nM	10000.0
	7573731	CHEMBL1908612	Binding constant for PIP5K2B kinase domain	B	CN(C)CC(=O)N1CCC(c2ccc(NC(=O)c3nc(C#N)c[nH]3)c(C3=CCCCC3)c2)CC1.Cl		CHEMBL1908395	=	Kd	nM	3700.0	CHEMBL5667	Homo sapiens	Kd	nM	3700.0
	7574200	CHEMBL1908612	Binding constant for PIP5K2B kinase domain	B	CO[C@@H]1[C@H](N(C)C(=O)c2ccccc2)C[C@H]2O[C@]1(C)n1c3ccccc3c3c4c(c5c6ccccc6n2c5c31)C(=O)NC4		CHEMBL608533	=	Kd	nM	270.0	CHEMBL5667	Homo sapiens	Kd	nM	270.0
	7574608	CHEMBL1908612	Binding constant for PIP5K2B kinase domain	B	Nc1nc(N)c2nc(-c3cccc(O)c3)c(-c3cccc(O)c3)nc2n1		CHEMBL230011	=	Kd	nM	7800.0	CHEMBL5667	Homo sapiens	Kd	nM	7800.0
	7574776	CHEMBL1908612	Binding constant for PIP5K2B kinase domain	B	COC(=O)c1ccc2c(c1)NC(=O)/C2=C(\Nc1ccc(N(C)C(=O)CN2CCN(C)CC2)cc1)c1ccccc1		CHEMBL502835	=	Kd	nM	17.0	CHEMBL5667	Homo sapiens	Kd	nM	17.0
	7575237	CHEMBL1908612	Binding constant for PIP5K2B kinase domain	B	C#Cc1cccc(Nc2ncnc3cc(OCCOC)c(OCCOC)cc23)c1		CHEMBL553	>	Kd	nM	10000.0	CHEMBL5667	Homo sapiens	Kd	nM	10000.0
	7575708	CHEMBL1908612	Binding constant for PIP5K2B kinase domain	B	COc1cc(Oc2ccnc3cc(OC)c(OC)cc23)ccc1NC(=O)NC(C)c1nccs1		CHEMBL1908396	>	Kd	nM	10000.0	CHEMBL5667	Homo sapiens	Kd	nM	10000.0
	7576173	CHEMBL1908612	Binding constant for PIP5K2B kinase domain	B	CCCS(=O)(=O)Nc1ccc(F)c(C(=O)c2c[nH]c3ncc(Cl)cc23)c1F		CHEMBL1230020	>	Kd	nM	10000.0	CHEMBL5667	Homo sapiens	Kd	nM	10000.0
	7576581	CHEMBL1908612	Binding constant for PIP5K2B kinase domain	B	Cc1cnc(Nc2ccc(OCCN3CCCC3)cc2)nc1Nc1cccc(S(=O)(=O)NC(C)(C)C)c1		CHEMBL1287853	=	Kd	nM	160.0	CHEMBL5667	Homo sapiens	Kd	nM	160.0
	7576750	CHEMBL1908612	Binding constant for PIP5K2B kinase domain	B	CN(C)C/C=C/C(=O)Nc1cc2c(Nc3ccc(F)c(Cl)c3)ncnc2cc1O[C@H]1CCOC1		CHEMBL1173655	>	Kd	nM	10000.0	CHEMBL5667	Homo sapiens	Kd	nM	10000.0
	7577209	CHEMBL1908612	Binding constant for PIP5K2B kinase domain	B	COc1cc2c(Oc3ccc(NC(=O)C4(C(=O)Nc5ccc(F)cc5)CC4)cc3F)ccnc2cc1OCCCN1CCOCC1		CHEMBL1230609	>	Kd	nM	10000.0	CHEMBL5667	Homo sapiens	Kd	nM	10000.0
	7577687	CHEMBL1908612	Binding constant for PIP5K2B kinase domain	B	O=C(c1ccc(/C=C/c2n[nH]c3ccccc23)cc1)N1CCNCC1		CHEMBL1908397	=	Kd	nM	94.0	CHEMBL5667	Homo sapiens	Kd	nM	94.0
	7578157	CHEMBL1908612	Binding constant for PIP5K2B kinase domain	B	CC(C)n1nc(-c2cc3cc(O)ccc3[nH]2)c2c(N)ncnc21		CHEMBL1241674	>	Kd	nM	10000.0	CHEMBL5667	Homo sapiens	Kd	nM	10000.0
	7578562	CHEMBL1908612	Binding constant for PIP5K2B kinase domain	B	COc1cc2c(Nc3ccc(Br)cc3F)ncnc2cc1OCC1CCN(C)CC1		CHEMBL24828	>	Kd	nM	10000.0	CHEMBL5667	Homo sapiens	Kd	nM	10000.0
	7578758	CHEMBL1908612	Binding constant for PIP5K2B kinase domain	B	Cc1n[nH]c2ccc(-c3cncc(OC[C@@H](N)Cc4ccccc4)c3)cc12		CHEMBL379218	=	Kd	nM	1700.0	CHEMBL5667	Homo sapiens	Kd	nM	1700.0
	7579132	CHEMBL1908612	Binding constant for PIP5K2B kinase domain	B	Cc1ccc(-n2nc(C(C)(C)C)cc2NC(=O)Nc2ccc(OCCN3CCOCC3)c3ccccc23)cc1		CHEMBL103667	>	Kd	nM	10000.0	CHEMBL5667	Homo sapiens	Kd	nM	10000.0
	7579582	CHEMBL1908612	Binding constant for PIP5K2B kinase domain	B	CN1CC[C@H](c2c(O)cc(O)c3c(=O)cc(-c4ccccc4Cl)oc23)[C@H](O)C1		CHEMBL428690	>	Kd	nM	10000.0	CHEMBL5667	Homo sapiens	Kd	nM	10000.0
	7580056	CHEMBL1908612	Binding constant for PIP5K2B kinase domain	B	CS(=O)(=O)CCNCc1ccc(-c2ccc3ncnc(Nc4ccc(OCc5cccc(F)c5)c(Cl)c4)c3c2)o1		CHEMBL554	>	Kd	nM	10000.0	CHEMBL5667	Homo sapiens	Kd	nM	10000.0
	7580525	CHEMBL1908612	Binding constant for PIP5K2B kinase domain	B	Clc1ccc(Nc2nnc(Cc3ccncc3)c3ccccc23)cc1		CHEMBL101253	>	Kd	nM	10000.0	CHEMBL5667	Homo sapiens	Kd	nM	10000.0
	7581116	CHEMBL1908612	Binding constant for PIP5K2B kinase domain	B	Cc1ccc(NC(=O)c2ccc(CN3CCN(C)CC3)cc2)cc1Nc1nc(-c2cccnc2)cs1		CHEMBL1908391	>	Kd	nM	10000.0	CHEMBL5667	Homo sapiens	Kd	nM	10000.0
	7581501	CHEMBL1908612	Binding constant for PIP5K2B kinase domain	B	Cc1ccc2nc(NCCN)c3ncc(C)n3c2c1		CHEMBL249697	>	Kd	nM	10000.0	CHEMBL5667	Homo sapiens	Kd	nM	10000.0
	7581946	CHEMBL1908612	Binding constant for PIP5K2B kinase domain	B	OCCn1cc(-c2ccc3c(c2)CC/C3=N\O)c(-c2ccncc2)n1		CHEMBL525191	>	Kd	nM	10000.0	CHEMBL5667	Homo sapiens	Kd	nM	10000.0
	7582417	CHEMBL1908612	Binding constant for PIP5K2B kinase domain	B	Cn1cc(C2=C(c3cn(C4CCN(Cc5ccccn5)CC4)c4ccccc34)C(=O)NC2=O)c2ccccc21		CHEMBL300138	>	Kd	nM	10000.0	CHEMBL5667	Homo sapiens	Kd	nM	10000.0
	7582839	CHEMBL1908612	Binding constant for PIP5K2B kinase domain	B	Cc1cc(Nc2cc(N3CCN(C)CC3)nc(Sc3ccc(NC(=O)C4CC4)cc3)n2)n[nH]1		CHEMBL572878	=	Kd	nM	140.0	CHEMBL5667	Homo sapiens	Kd	nM	140.0
	7583462	CHEMBL1908612	Binding constant for PIP5K2B kinase domain	B	Cc1ccc(F)c(NC(=O)Nc2ccc(-c3cccc4[nH]nc(N)c34)cc2)c1		CHEMBL223360	>	Kd	nM	10000.0	CHEMBL5667	Homo sapiens	Kd	nM	10000.0
	7583859	CHEMBL1908612	Binding constant for PIP5K2B kinase domain	B	CC(C)(C)c1cnc(CSc2cnc(NC(=O)C3CCNCC3)s2)o1		CHEMBL296468	>	Kd	nM	10000.0	CHEMBL5667	Homo sapiens	Kd	nM	10000.0
	7584304	CHEMBL1908612	Binding constant for PIP5K2B kinase domain	B	CS(=O)(=O)N1CCN(Cc2cc3nc(-c4cccc5[nH]ncc45)nc(N4CCOCC4)c3s2)CC1		CHEMBL521851	>	Kd	nM	10000.0	CHEMBL5667	Homo sapiens	Kd	nM	10000.0
	7584795	CHEMBL1908612	Binding constant for PIP5K2B kinase domain	B	COc1cc(Nc2ncc(F)c(Nc3ccc4c(n3)NC(=O)C(C)(C)O4)n2)cc(OC)c1OC		CHEMBL475251	=	Kd	nM	1200.0	CHEMBL5667	Homo sapiens	Kd	nM	1200.0
	7585199	CHEMBL1908612	Binding constant for PIP5K2B kinase domain	B	O=c1ncn2nc(Sc3ccc(F)cc3F)ccc2c1-c1c(Cl)cccc1Cl		CHEMBL119385	>	Kd	nM	10000.0	CHEMBL5667	Homo sapiens	Kd	nM	10000.0
	7585792	CHEMBL1908612	Binding constant for PIP5K2B kinase domain	B	CC(C)(C)c1cc(NC(=O)Nc2ccc(-c3cn4c(n3)sc3cc(OCCN5CCOCC5)ccc34)cc2)no1		CHEMBL576982	>	Kd	nM	10000.0	CHEMBL5667	Homo sapiens	Kd	nM	10000.0
	7586200	CHEMBL1908612	Binding constant for PIP5K2B kinase domain	B	Cc1cc2c(F)c(Oc3ncnn4cc(OC[C@@H](C)O)c(C)c34)ccc2[nH]1		CHEMBL377300	>	Kd	nM	10000.0	CHEMBL5667	Homo sapiens	Kd	nM	10000.0
	7586675	CHEMBL1908612	Binding constant for PIP5K2B kinase domain	B	CN(C)C[C@@H]1CCn2cc(c3ccccc32)C2=C(C(=O)NC2=O)c2cn(c3ccccc23)CCO1		CHEMBL91829	=	Kd	nM	830.0	CHEMBL5667	Homo sapiens	Kd	nM	830.0
	7587129	CHEMBL1908612	Binding constant for PIP5K2B kinase domain	B	COc1ccc(F)c(F)c1C(=O)c1cnc(NC2CCN(S(C)(=O)=O)CC2)nc1N		CHEMBL384304	>	Kd	nM	10000.0	CHEMBL5667	Homo sapiens	Kd	nM	10000.0
	7587753	CHEMBL1908612	Binding constant for PIP5K2B kinase domain	B	CNC(=O)c1ccccc1Sc1ccc2c(/C=C/c3ccccn3)n[nH]c2c1		CHEMBL1289926	>	Kd	nM	10000.0	CHEMBL5667	Homo sapiens	Kd	nM	10000.0
	7588172	CHEMBL1908612	Binding constant for PIP5K2B kinase domain	B	C[C@]12O[C@H](C[C@]1(O)CO)n1c3ccccc3c3c4c(c5c6ccccc6n2c5c31)CNC4=O		CHEMBL603469	=	Kd	nM	18.0	CHEMBL5667	Homo sapiens	Kd	nM	18.0
	7588183	CHEMBL1908612	Binding constant for PIP5K2B kinase domain	B	COc1cc2ncnc(Nc3ccc(F)c(Cl)c3)c2cc1OCCCN1CCOCC1		CHEMBL939	>	Kd	nM	10000.0	CHEMBL5667	Homo sapiens	Kd	nM	10000.0
	7588654	CHEMBL1908612	Binding constant for PIP5K2B kinase domain	B	COc1c(Cl)cc2c([nH]c3cnccc32)c1NC(=O)c1cccnc1C		CHEMBL608154	>	Kd	nM	10000.0	CHEMBL5667	Homo sapiens	Kd	nM	10000.0
	7589105	CHEMBL1908612	Binding constant for PIP5K2B kinase domain	B	C[S+]([O-])c1ccc(-c2nc(-c3ccc(F)cc3)c(-c3ccncc3)[nH]2)cc1		CHEMBL10	>	Kd	nM	10000.0	CHEMBL5667	Homo sapiens	Kd	nM	10000.0
	7590167	CHEMBL1908612	Binding constant for PIP5K2B kinase domain	B	CNC(=O)c1c(F)cccc1Nc1nc(Nc2cc3c(cc2OC)CCN3C(=O)CN(C)C)nc2[nH]ccc12		CHEMBL464552	>	Kd	nM	10000.0	CHEMBL5667	Homo sapiens	Kd	nM	10000.0
	7590641	CHEMBL1908612	Binding constant for PIP5K2B kinase domain	B	COc1cc2c(N3CCN(C(=O)Nc4ccc(OC(C)C)cc4)CC3)ncnc2cc1OCCCN1CCCCC1		CHEMBL124660	>	Kd	nM	10000.0	CHEMBL5667	Homo sapiens	Kd	nM	10000.0
	7591092	CHEMBL1908612	Binding constant for PIP5K2B kinase domain	B	Cn1cc(-c2ccc3nnc(Sc4ccc5ncccc5c4)n3n2)cn1		CHEMBL1236107	>	Kd	nM	10000.0	CHEMBL5667	Homo sapiens	Kd	nM	10000.0
	7591249	CHEMBL1908612	Binding constant for PIP5K2B kinase domain	B	CC1(C)CNc2cc(NC(=O)c3cccnc3NCc3ccncc3)ccc21		CHEMBL572881	>	Kd	nM	10000.0	CHEMBL5667	Homo sapiens	Kd	nM	10000.0
	7591671	CHEMBL1908612	Binding constant for PIP5K2B kinase domain	B	CN1CCN(c2ccc3nc(-c4c(N)c5c(F)cccc5[nH]c4=O)[nH]c3c2)CC1		CHEMBL522892	=	Kd	nM	260.0	CHEMBL5667	Homo sapiens	Kd	nM	260.0
	7592143	CHEMBL1908612	Binding constant for PIP5K2B kinase domain	B	C[C@@H](Oc1cc(-n2cnc3ccc(CN4CCN(C)CC4)cc32)sc1C(N)=O)c1ccccc1C(F)(F)F		CHEMBL1908394	=	Kd	nM	4500.0	CHEMBL5667	Homo sapiens	Kd	nM	4500.0
	7592616	CHEMBL1908612	Binding constant for PIP5K2B kinase domain	B	O=C(O)c1ccc(Nc2ncc3c(n2)-c2ccc(Cl)cc2C(c2c(F)cccc2F)=NC3)cc1		CHEMBL259084	>	Kd	nM	10000.0	CHEMBL5667	Homo sapiens	Kd	nM	10000.0
	7593069	CHEMBL1908612	Binding constant for PIP5K2B kinase domain	B	COc1cc(Nc2c(C#N)cnc3cc(OCCCN4CCN(C)CC4)c(OC)cc23)c(Cl)cc1Cl		CHEMBL288441	>	Kd	nM	10000.0	CHEMBL5667	Homo sapiens	Kd	nM	10000.0
	7593216	CHEMBL1908612	Binding constant for PIP5K2B kinase domain	B	CCN1CCN(Cc2ccc(NC(=O)Nc3ccc(Oc4cc(NC)ncn4)cc3)cc2C(F)(F)F)CC1		CHEMBL574738	>	Kd	nM	10000.0	CHEMBL5667	Homo sapiens	Kd	nM	10000.0
	7593651	CHEMBL1908612	Binding constant for PIP5K2B kinase domain	B	Cn1c(Nc2ccc(C(F)(F)F)cc2)nc2cc(Oc3ccnc(-c4ncc(C(F)(F)F)[nH]4)c3)ccc21		CHEMBL558752	>	Kd	nM	10000.0	CHEMBL5667	Homo sapiens	Kd	nM	10000.0
	7594123	CHEMBL1908612	Binding constant for PIP5K2B kinase domain	B	CCn1c(-c2nonc2N)nc2c(C#CC(C)(C)O)ncc(OC[C@H]3CCCNC3)c21		CHEMBL494089	>	Kd	nM	10000.0	CHEMBL5667	Homo sapiens	Kd	nM	10000.0
	7594596	CHEMBL1908612	Binding constant for PIP5K2B kinase domain	B	Cc1cn(-c2cc(NC(=O)c3ccc(C)c(Nc4nccc(-c5cccnc5)n4)c3)cc(C(F)(F)F)c2)cn1		CHEMBL255863	>	Kd	nM	10000.0	CHEMBL5667	Homo sapiens	Kd	nM	10000.0
	7595048	CHEMBL1908612	Binding constant for PIP5K2B kinase domain	B	CNC(=O)c1cc(Oc2ccc(NC(=O)Nc3ccc(Cl)c(C(F)(F)F)c3)cc2)ccn1		CHEMBL1336	>	Kd	nM	10000.0	CHEMBL5667	Homo sapiens	Kd	nM	10000.0
	7595184	CHEMBL1908612	Binding constant for PIP5K2B kinase domain	B	O=C(NC1CCNCC1)c1n[nH]cc1NC(=O)c1c(Cl)cccc1Cl		CHEMBL445813	>	Kd	nM	10000.0	CHEMBL5667	Homo sapiens	Kd	nM	10000.0
	7595628	CHEMBL1908612	Binding constant for PIP5K2B kinase domain	B	C=CC(=O)Nc1cc2c(Nc3ccc(F)c(Cl)c3)ncnc2cc1OCCCN1CCOCC1		CHEMBL31965	>	Kd	nM	10000.0	CHEMBL5667	Homo sapiens	Kd	nM	10000.0
	7596102	CHEMBL1908612	Binding constant for PIP5K2B kinase domain	B	COc1ccc(COc2ccc(Cc3cnc(N)nc3N)cc2OC)cc1		CHEMBL261849	>	Kd	nM	10000.0	CHEMBL5667	Homo sapiens	Kd	nM	10000.0
	7596573	CHEMBL1908612	Binding constant for PIP5K2B kinase domain	B	Cc1ccc(Nc2nccc(N(C)c3ccc4c(C)n(C)nc4c3)n2)cc1S(N)(=O)=O		CHEMBL477772	>	Kd	nM	10000.0	CHEMBL5667	Homo sapiens	Kd	nM	10000.0
	7597156	CHEMBL1908612	Binding constant for PIP5K2B kinase domain	B	CCN(CCO)CCCOc1ccc2c(Nc3cc(CC(=O)Nc4cccc(F)c4)[nH]n3)ncnc2c1		CHEMBL215152	>	Kd	nM	10000.0	CHEMBL5667	Homo sapiens	Kd	nM	10000.0
	7597609	CHEMBL1908612	Binding constant for PIP5K2B kinase domain	B	O=C(NOCC1CC1)c1ccc(F)c(F)c1Nc1ccc(I)cc1Cl		CHEMBL105442	>	Kd	nM	10000.0	CHEMBL5667	Homo sapiens	Kd	nM	10000.0
	7598082	CHEMBL1908612	Binding constant for PIP5K2B kinase domain	B	CCOc1cc2ncc(C#N)c(Nc3ccc(OCc4ccccn4)c(Cl)c3)c2cc1NC(=O)/C=C/CN(C)C		CHEMBL180022	>	Kd	nM	10000.0	CHEMBL5667	Homo sapiens	Kd	nM	10000.0
	7598552	CHEMBL1908612	Binding constant for PIP5K2B kinase domain	B	CN[C@@H]1C[C@H]2O[C@@](C)([C@@H]1OC)n1c3ccccc3c3c4c(c5c6ccccc6n2c5c31)C(=O)NC4		CHEMBL388978	=	Kd	nM	77.0	CHEMBL5667	Homo sapiens	Kd	nM	77.0
	8003532	CHEMBL1942473	Inhibition of human PIP4K2B in HL-60 cells lysate assessed as reduction of labeling of acyl-phosphate ATP probe at 100 nM	B	C[C@H]1COc2c(NCCCn3cccn3)c(F)c(N)c3c(=O)c(C(=O)O)cn1c23		CHEMBL1940980	<	Inhibition	%	35.0	CHEMBL5667	Homo sapiens	INH	%	35.0
	8003533	CHEMBL1942473	Inhibition of human PIP4K2B in HL-60 cells lysate assessed as reduction of labeling of acyl-phosphate ATP probe at 100 nM	B	C[C@H]1COc2c(NCCCn3cccn3)c(F)c(N)c3c(=O)c(C#N)cn1c23		CHEMBL1940981	<	Inhibition	%	35.0	CHEMBL5667	Homo sapiens	INH	%	35.0
	8003534	CHEMBL1942473	Inhibition of human PIP4K2B in HL-60 cells lysate assessed as reduction of labeling of acyl-phosphate ATP probe at 100 nM	B	C[C@H]1COc2c(NCCCc3ccccn3)c(F)c(N)c3c(=O)c(C(=O)O)cn1c23		CHEMBL1940987	<	Inhibition	%	35.0	CHEMBL5667	Homo sapiens	INH	%	35.0
	8003535	CHEMBL1942473	Inhibition of human PIP4K2B in HL-60 cells lysate assessed as reduction of labeling of acyl-phosphate ATP probe at 100 nM	B	C[C@H]1COc2c(NCCCc3ccccn3)c(F)c(N)c3c(=O)c(C#N)cn1c23		CHEMBL1940990	<	Inhibition	%	35.0	CHEMBL5667	Homo sapiens	INH	%	35.0
	12172265	CHEMBL2212495	Inhibition of PIP5K2B assessed as residual activity at 10 uM relative to control	B	O=C(Nc1cccnc1)c1cc(-c2ccnc(F)c2)ccc1OCc1ccccc1		CHEMBL2204495	=	Activity	%	96.0	CHEMBL5667	Homo sapiens	Activity	%	96.0
	13342303	CHEMBL2394173	Competitive binding affinity to PIP5K2B (unknown origin) assessed as enzyme remaining bound to anchored active-site ligand at 10 uM relative to control	B	Clc1ccc(CNc2ccnc(-c3ccc4[nH]ncc4c3)n2)cc1Cl		CHEMBL1898211	<	Activity	%	30.0	CHEMBL5667	Homo sapiens	Activity	%	30.0
	13342329	CHEMBL2394173	Competitive binding affinity to PIP5K2B (unknown origin) assessed as enzyme remaining bound to anchored active-site ligand at 10 uM relative to control	B	Clc1ccc(CNc2nccc(-c3ccc4[nH]ncc4c3)n2)cc1Cl		CHEMBL1892019	<	Activity	%	30.0	CHEMBL5667	Homo sapiens	Activity	%	30.0
	13439781	CHEMBL2429021	Competitive binding affinity to PIP5K2B (unknown origin) at 10 uM in presence of ATP relative to control	B	O[C@H]1CC[C@H](Nc2nccc(-n3ccc4ccccc43)n2)CC1		CHEMBL2425646	<	Inhibition	%	50.0	CHEMBL5667	Homo sapiens	INH	%	50.0
	13445614	CHEMBL2429021	Competitive binding affinity to PIP5K2B (unknown origin) at 10 uM in presence of ATP relative to control	B	O[C@H]1CC[C@H](Nc2nccc(-n3ncc4ccccc43)n2)CC1		CHEMBL2425645	=	Inhibition	%	92.0	CHEMBL5667	Homo sapiens	INH	%	92.0
	13451601	CHEMBL2429021	Competitive binding affinity to PIP5K2B (unknown origin) at 10 uM in presence of ATP relative to control	B	O[C@H]1CC[C@H](Nc2nccc(-n3nnc4ccccc43)n2)CC1		CHEMBL2425654	=	Inhibition	%	74.0	CHEMBL5667	Homo sapiens	INH	%	74.0
	13895011	CHEMBL3111943	Inhibition of PIP5K2B (unknown origin) assessed as residual activity at 10 uM after 1 hr by qPCR analysis relative to control	B	O=C(Nc1ccc(CO)cc1)Nc1ccc(-c2nc(N3CCOCC3)c3ncccc3n2)cc1		CHEMBL3109142	=	Activity	%	93.0	CHEMBL5667	Homo sapiens	Activity	%	93.0
	18114796	CHEMBL4025326	Inhibition of wild-type human full length PIP5K2B (M1 to T416 residues) expressed in bacterial expression system assessed as residual activity at 1 uM by Kinomescan method relative to control	B	C=CC(=O)Nc1cc(Nc2cc(-c3cccc(NC(=O)c4ccc(C(C)(C)C)cc4)c3C)cn(C)c2=O)ccc1C(=O)N1CCOCC1		CHEMBL4077123	=	Activity	%	82.0	CHEMBL5667	Homo sapiens	Activity	%	82.0
	18203850	CHEMBL4044137	Inhibition of wild-type human full length PIP5K2B (M1 to T416 residues) expressed in Escherichia coli BL21 assessed as residual activity at 1000 nM after 30 mins by Kinomescan method relative to control	B	COc1cc(OC)c(Cl)c(N2Cc3cnc(Nc4ccc(F)cc4)nc3N(C3CCN(C(=O)/C=C/CN(C)C)CC3)C2=O)c1Cl		CHEMBL4092508	=	Activity	%	100.0	CHEMBL5667	Homo sapiens	Activity	%	100.0
	18253293	CHEMBL4054930	Inhibition of wild-type human full length PIP5K2B (M1 to T416 residues) expressed in bacterial expression system assessed as residual activity at 50 nM by Kinomescan method relative to control	B	CC1(C)[C@H](Nc2c(C(N)=O)cnn3cc(-c4ccccc4)cc23)CC[C@]1(C)N		CHEMBL4096145	=	Activity	%	47.0	CHEMBL5667	Homo sapiens	Activity	%	47.0
	18253294	CHEMBL4054930	Inhibition of wild-type human full length PIP5K2B (M1 to T416 residues) expressed in bacterial expression system assessed as residual activity at 50 nM by Kinomescan method relative to control	B	COc1ccc(-c2cc3c(N[C@@H]4CC[C@](C)(N)C4(C)C)c(C(N)=O)cnn3c2)cn1		CHEMBL4080797	=	Activity	%	72.0	CHEMBL5667	Homo sapiens	Activity	%	72.0
	18440392	CHEMBL4157216	Binding affinity to wild-type human full length PIP5K2B (M1 to T416 residues) expressed in bacterial expression system assessed as residual binding at 1 uM by Kinomescan method relative to control	B	Cc1cccc(S(=O)(=O)Nc2cc(-c3sc(NC(=O)[C@@H](N)C(C)C)nc3C)cnc2Cl)c1		CHEMBL4174988	=	Activity	%	100.0	CHEMBL5667	Homo sapiens	Activity	%	100.0
	18484348	CHEMBL4185995	Binding affinity to wild-type human full length PIP5K2B (M1 to T416 residues) expressed in Escherichia coli BL21 at 1 uM by Kinomescan method relative to control	B	C=CC(=O)Nc1ccc(C(=O)Nc2ccc(Nc3ncc4c(n3)N(C)c3ccc(C)cc3C(=O)N4C)cc2)cc1		CHEMBL3969370	=	Activity	%	83.0	CHEMBL5667	Homo sapiens	Activity	%	83.0
	18484832	CHEMBL4185995	Binding affinity to wild-type human full length PIP5K2B (M1 to T416 residues) expressed in Escherichia coli BL21 at 1 uM by Kinomescan method relative to control	B	CCC(=O)Nc1ccc(C(=O)Nc2ccc(Nc3ncc4c(n3)N(C)c3ccc(C)cc3C(=O)N4C)cc2)cc1		CHEMBL4206831	=	Activity	%	94.0	CHEMBL5667	Homo sapiens	Activity	%	94.0
	18655340	CHEMBL4230895	Binding affinity to wild-type human full length PIP5K2B (M1 to T416 residues) expressed in bacterial expression system assessed as residual binding level at 1 uM by Kinomescan method relative to control	B	Cc1ccc(NC(=O)c2ccc(CN(CCN(C)C)C(=O)c3cccnc3)cc2)cc1Nc1nccc(-c2cccnc2)n1		CHEMBL4247298	=	Activity	%	83.0	CHEMBL5667	Homo sapiens	Activity	%	83.0
	18752147	CHEMBL4264484	Binding affinity to wild-type human full length PIP5K2B (M1 to T416 residues) expressed in bacterial expression system assessed as remaining unbound target protein level at 1000 nM by Kinomescan method relative to control	B	COCCN[C@H]1CC[C@H](Nc2cc(-c3csc(NCC4(C#N)CCOCC4)n3)c(Cl)cn2)CC1		CHEMBL4281048	=	Activity	%	100.0	CHEMBL5667	Homo sapiens	Activity	%	100.0
	18858147	CHEMBL4307993	Binding affinity to wild-type human full length PIP5K2B (M1 to T416 residues) expressed in bacterial expression system assessed as residual binding level at 10 uM by Kinomescan method relative to control	B	CC(C)N1C(=O)C(NCCCN(C)C)=C(c2cn(C)c3ccccc23)C1=O.Cl		CHEMBL4533018	=	Activity	%	100.0	CHEMBL5667	Homo sapiens	Activity	%	100.0
	18958613	CHEMBL4333578	Binding affinity to wild-type human full length PIP5K2B (M1 to T416 residues) expressed in bacterial expression system assessed as residual binding level at 1 uM by Kinomescan method relative to control	B	CC(C)Nc1sc(C(=O)c2ccc(Cl)s2)c(N)c1C#N		CHEMBL4563315	=	Activity	%	100.0	CHEMBL5667	Homo sapiens	Activity	%	100.0
	19009339	CHEMBL4345229	Inhibition of PI5P4Kbeta (unknown origin) incubated for 15 mins in presence of ATP by ADP-Glo assay	B	CN(C)C/C=C/C(=O)Nc1ccc(C(=O)Nc2cccc(Nc3cc(-c4cnc5[nH]ccc5c4)ncn3)c2)cc1		CHEMBL4571099	=	IC50	nM	10900.0	CHEMBL5667	Homo sapiens	IC50	uM	10.9
	19009340	CHEMBL4345229	Inhibition of PI5P4Kbeta (unknown origin) incubated for 15 mins in presence of ATP by ADP-Glo assay	B	CN(C)C/C=C/C(=O)Nc1ccc(C(=O)Nc2cccc(Nc3cc(-c4ccc5nn(C)cc5c4)ncn3)c2)cc1		CHEMBL4454740	=	IC50	nM	15800.0	CHEMBL5667	Homo sapiens	IC50	uM	15.8
	19009341	CHEMBL4345229	Inhibition of PI5P4Kbeta (unknown origin) incubated for 15 mins in presence of ATP by ADP-Glo assay	B	CN(C)C/C=C/C(=O)Nc1ccc(C(=O)Nc2cccc(Nc3cc(Nc4ccc(-c5ccccc5)cc4)ncn3)c2)cc1		CHEMBL4472811	=	IC50	nM	6300.0	CHEMBL5667	Homo sapiens	IC50	uM	6.3
	19009342	CHEMBL4345229	Inhibition of PI5P4Kbeta (unknown origin) incubated for 15 mins in presence of ATP by ADP-Glo assay	B	Cc1ccc(Nc2cc(Nc3cccc(NC(=O)c4ccc(NC(=O)/C=C/CN(C)C)cc4)c3)ncn2)cc1		CHEMBL4461694	=	IC50	nM	6200.0	CHEMBL5667	Homo sapiens	IC50	uM	6.2
	19009343	CHEMBL4345229	Inhibition of PI5P4Kbeta (unknown origin) incubated for 15 mins in presence of ATP by ADP-Glo assay	B	CN(C)C/C=C/C(=O)Nc1ccc(C(=O)Nc2cccc(Nc3cc(Nc4cccc(-c5ccccc5)c4)ncn3)c2)cc1		CHEMBL4537067	=	IC50	nM	24500.0	CHEMBL5667	Homo sapiens	IC50	uM	24.5
	19009344	CHEMBL4345229	Inhibition of PI5P4Kbeta (unknown origin) incubated for 15 mins in presence of ATP by ADP-Glo assay	B	CN(C)C/C=C/C(=O)Nc1ccc(C(=O)Nc2cccc(Nc3cc(-c4cccc(-c5ccccc5)c4)ncn3)c2)cc1		CHEMBL4563077	=	IC50	nM	30400.0	CHEMBL5667	Homo sapiens	IC50	uM	30.4
	19009345	CHEMBL4345229	Inhibition of PI5P4Kbeta (unknown origin) incubated for 15 mins in presence of ATP by ADP-Glo assay	B	CN(C)C/C=C/C(=O)Nc1ccc(C(=O)NCc2cccc(Nc3cc(-c4c[nH]c5ccccc45)ncn3)c2)cc1		CHEMBL4550598	=	IC50	nM	29800.0	CHEMBL5667	Homo sapiens	IC50	uM	29.8
	19009346	CHEMBL4345229	Inhibition of PI5P4Kbeta (unknown origin) incubated for 15 mins in presence of ATP by ADP-Glo assay	B	Cc1ccc(Nc2cc(-c3c[nH]c4ccccc34)ncn2)cc1NC(=O)c1ccc(NC(=O)/C=C/CN(C)C)cc1		CHEMBL4464636	=	IC50	nM	33600.0	CHEMBL5667	Homo sapiens	IC50	uM	33.6
	19009347	CHEMBL4345229	Inhibition of PI5P4Kbeta (unknown origin) incubated for 15 mins in presence of ATP by ADP-Glo assay	B	Cc1ccc(NC(=O)c2ccc(NC(=O)/C=C/CN(C)C)cc2)cc1Nc1cc(-c2cnc3[nH]ccc3c2)ncn1		CHEMBL4518868	=	IC50	nM	20500.0	CHEMBL5667	Homo sapiens	IC50	uM	20.5
	19009348	CHEMBL4345229	Inhibition of PI5P4Kbeta (unknown origin) incubated for 15 mins in presence of ATP by ADP-Glo assay	B	CN(C)C/C=C/C(=O)Nc1cccc(C(=O)Nc2cccc(Nc3cc(-c4cnc5[nH]ccc5c4)ncn3)c2)c1		CHEMBL4533123	=	IC50	nM	8900.0	CHEMBL5667	Homo sapiens	IC50	uM	8.9
	19009349	CHEMBL4345229	Inhibition of PI5P4Kbeta (unknown origin) incubated for 15 mins in presence of ATP by ADP-Glo assay	B	CN(C)C/C=C/C(=O)Nc1ccc(C(=O)Nc2ccc(Nc3cc(-c4cnc5[nH]ccc5c4)ncn3)cc2)cc1		CHEMBL4572941	=	IC50	nM	35600.0	CHEMBL5667	Homo sapiens	IC50	uM	35.6
	19009350	CHEMBL4345229	Inhibition of PI5P4Kbeta (unknown origin) incubated for 15 mins in presence of ATP by ADP-Glo assay	B	CN(C)C/C=C/C(=O)NC1CCC(C(=O)Nc2cccc(Nc3cc(-c4cnc5[nH]ccc5c4)ncn3)c2)CC1		CHEMBL4517979	=	IC50	nM	31800.0	CHEMBL5667	Homo sapiens	IC50	uM	31.8
Not Active	19009351	CHEMBL4345229	Inhibition of PI5P4Kbeta (unknown origin) incubated for 15 mins in presence of ATP by ADP-Glo assay	B	CN(C)C/C=C/C(=O)Nc1cccc(NC(=O)N2CCCC(Nc3cc(-c4cnc5[nH]ccc5c4)ncn3)C2)c1		CHEMBL4520888		IC50			CHEMBL5667	Homo sapiens	IC50		
	19009352	CHEMBL4345229	Inhibition of PI5P4Kbeta (unknown origin) incubated for 15 mins in presence of ATP by ADP-Glo assay	B	CN(C)C/C=C/C(=O)NC1CCN(C(=O)Cc2cccc(Nc3cc(-c4cnc5[nH]ccc5c4)ncn3)c2)CC1		CHEMBL4449493	=	IC50	nM	10100.0	CHEMBL5667	Homo sapiens	IC50	uM	10.1
	19009353	CHEMBL4345229	Inhibition of PI5P4Kbeta (unknown origin) incubated for 15 mins in presence of ATP by ADP-Glo assay	B	Cc1ccc(-n2ccc3c(Nc4cccc(NC(=O)c5ccc(NC(=O)/C=C/CN(C)C)cc5)c4)ncnc32)cc1		CHEMBL4439287	=	IC50	nM	9900.0	CHEMBL5667	Homo sapiens	IC50	uM	9.9
	19009354	CHEMBL4345229	Inhibition of PI5P4Kbeta (unknown origin) incubated for 15 mins in presence of ATP by ADP-Glo assay	B	CC1(C)CN(c2ncc(C(=O)Nc3cccc(C(F)(F)F)c3)c(N)n2)C(=O)N1		CHEMBL2104863	=	IC50	nM	3800.0	CHEMBL5667	Homo sapiens	IC50	uM	3.8
	19009355	CHEMBL4345229	Inhibition of PI5P4Kbeta (unknown origin) incubated for 15 mins in presence of ATP by ADP-Glo assay	B	CN(C)C/C=C/C(=O)Nc1ccc(C(=O)Nc2cccc(Nc3cc(-c4c[nH]c5ccccc45)ncn3)c2)cc1		CHEMBL4446338	=	IC50	nM	5900.0	CHEMBL5667	Homo sapiens	IC50	uM	5.9
Active	19009367	CHEMBL4345236	Induction of stabilization of PI5P4Kbeta in HEK293T cells at 10 uM incubated for 1 hr at 58 to 61 degC by Western blot analysis based isothermal CETSA method	B	CN(C)C/C=C/C(=O)Nc1ccc(C(=O)Nc2cccc(Nc3cc(-c4c[nH]c5ccccc45)ncn3)c2)cc1		CHEMBL4446338		Activity			CHEMBL5667	Homo sapiens	Activity		
Active	19009372	CHEMBL4345238	Binding affinity to PI5P4Kbeta in HEK293T cells at 1 to 10 uM incubated for 1 hr at 52 degC by Western blot analysis based isothermal CETSA method	B	CN(C)C/C=C/C(=O)Nc1ccc(C(=O)Nc2cccc(Nc3cc(Nc4ccc(-c5ccccc5)cc4)ncn3)c2)cc1		CHEMBL4472811		Activity			CHEMBL5667	Homo sapiens	Activity		
Active	19009373	CHEMBL4345238	Binding affinity to PI5P4Kbeta in HEK293T cells at 1 to 10 uM incubated for 1 hr at 52 degC by Western blot analysis based isothermal CETSA method	B	Cc1ccc(Nc2cc(Nc3cccc(NC(=O)c4ccc(NC(=O)/C=C/CN(C)C)cc4)c3)ncn2)cc1		CHEMBL4461694		Activity			CHEMBL5667	Homo sapiens	Activity		
Active	19009374	CHEMBL4345238	Binding affinity to PI5P4Kbeta in HEK293T cells at 1 to 10 uM incubated for 1 hr at 52 degC by Western blot analysis based isothermal CETSA method	B	Cc1ccc(-n2ccc3c(Nc4cccc(NC(=O)c5ccc(NC(=O)/C=C/CN(C)C)cc5)c4)ncnc32)cc1		CHEMBL4439287		Activity			CHEMBL5667	Homo sapiens	Activity		
Active	19009375	CHEMBL4345238	Binding affinity to PI5P4Kbeta in HEK293T cells at 1 to 10 uM incubated for 1 hr at 52 degC by Western blot analysis based isothermal CETSA method	B	CN(C)C/C=C/C(=O)Nc1ccc(C(=O)Nc2cccc(Nc3cc(-c4c[nH]c5ccccc45)ncn3)c2)cc1		CHEMBL4446338		Activity			CHEMBL5667	Homo sapiens	Activity		
	19059772	CHEMBL4358073	Binding affinity to wild-type human full length PIP5K2B (M1 to T416 residues) expressed in bacterial expression system assessed as residual binding level at 1 uM by Kinomescan method relative to control	B	C=CC(=O)Nc1ccccc1Nc1nc(Nc2ccc(N3CCN(C)CC3)cc2)ncc1C(=O)Nc1c(C)cccc1Cl		CHEMBL4515441	=	Activity	%	99.0	CHEMBL5667	Homo sapiens	Activity	%	99.0
	19090336	CHEMBL4365910	Inhibition of wild-type human full length PIP5K2B (M1 to T416 residues) expressed in bacterial expression system assessed as residual activity at 10 uM by Kinomescan method relative to control	B	O=C(Nc1cccnc1)c1cc(C(=O)c2c(F)cccc2Br)c[nH]1		CHEMBL4436895	=	Activity	%	90.0	CHEMBL5667	Homo sapiens	Activity	%	90.0
	19159600	CHEMBL4382704	Binding affinity to wild-type human full length PIP5K2B (M1 to T416 residues) expressed in bacterial expression system assessed as residual binding level at 1 uM by Kinomescan method relative to control	B	C=CC(=O)Nc1cc(Nc2ncc(Cl)c(Nc3ccccc3S(=O)(=O)C(C)C)n2)c(OC)cc1N(C)CCN(C)C		CHEMBL4473365	=	Activity	%	55.0	CHEMBL5667	Homo sapiens	Activity	%	55.0
	19191407	CHEMBL4389423	Inhibition of wild-type human full length PIP5K2B (M1 to T416 residues) expressed in bacterial expression system at 10 uM by Kinomescan method relative to control	B	O=C(Nc1cccc([C@H]2CCCN(c3ncnc4[nH]ccc34)C2)c1)Nc1ccccc1N1CCCC1		CHEMBL4555459	=	Inhibition	%	4.7	CHEMBL5667	Homo sapiens	INH	%	4.7
	19192086	CHEMBL4389900	Inhibition of wild-type human full length PIP5K2B (M1 to T416 residues) expressed in bacterial expression system at 1 uM by Kinomescan method relative to control	B	O=C(Nc1cccc([C@@H]2CN(c3ncnc4[nH]ccc34)CCN2CCO)c1)Nc1c(F)cccc1N1CCCC1		CHEMBL4564973	=	Inhibition	%	96.0	CHEMBL5667	Homo sapiens	INH	%	96.0
	19200342	CHEMBL4391526	Binding affinity to wild-type human full length PIP5K2B (M1 to T416 residues) expressed in bacterial expression system assessed as residual binding level at 10 uM by Kinomescan method relative to control	B	O=C(Nc1cc(-c2cn(CCNc3c4c(nc5ccccc35)CCCC4)nn2)ccn1)Nc1cccc2c1C1CCCCN1C2=O		CHEMBL4559936	=	Activity	%	16.0	CHEMBL5667	Homo sapiens	Activity	%	16.0
	19269404	CHEMBL4406334	Inhibition of GST-tagged recombinant PI5P4Kbeta (unknown origin) incubated for 1 hr in presence of DPPS and PI5P by ADP-Glo assay	B	CC(=O)Nc1cccc(-c2cncc(/C=C3\SC(=N)NC3=O)c2)c1		CHEMBL4527801	>	IC50	nM	50000.0	CHEMBL5667	Homo sapiens	IC50	uM	50.0
	19269405	CHEMBL4406334	Inhibition of GST-tagged recombinant PI5P4Kbeta (unknown origin) incubated for 1 hr in presence of DPPS and PI5P by ADP-Glo assay	B	CNC(=O)Nc1ccc(-c2cncc(/C=C3\SC(=N)NC3=O)c2)cc1		CHEMBL4577337	=	IC50	nM	8600.0	CHEMBL5667	Homo sapiens	IC50	uM	8.6
	19269406	CHEMBL4406334	Inhibition of GST-tagged recombinant PI5P4Kbeta (unknown origin) incubated for 1 hr in presence of DPPS and PI5P by ADP-Glo assay	B	CC(=O)Nc1ccc(-c2cncc(/C=C3\SC(=N)NC3=O)c2)cc1		CHEMBL4458985	>	IC50	nM	50000.0	CHEMBL5667	Homo sapiens	IC50	uM	50.0
	19269407	CHEMBL4406334	Inhibition of GST-tagged recombinant PI5P4Kbeta (unknown origin) incubated for 1 hr in presence of DPPS and PI5P by ADP-Glo assay	B	CS(=O)(=O)c1ccc(-c2cncc(/C=C3\SC(=N)NC3=O)c2)cc1		CHEMBL4436523	>	IC50	nM	50000.0	CHEMBL5667	Homo sapiens	IC50	uM	50.0
	19269408	CHEMBL4406334	Inhibition of GST-tagged recombinant PI5P4Kbeta (unknown origin) incubated for 1 hr in presence of DPPS and PI5P by ADP-Glo assay	B	CNS(=O)(=O)c1ccc(-c2cncc(/C=C3\SC(=N)NC3=O)c2)cc1		CHEMBL4519752	=	IC50	nM	4300.0	CHEMBL5667	Homo sapiens	IC50	uM	4.3
	19269409	CHEMBL4406334	Inhibition of GST-tagged recombinant PI5P4Kbeta (unknown origin) incubated for 1 hr in presence of DPPS and PI5P by ADP-Glo assay	B	CS(=O)(=O)Nc1ccc(-c2cncc(-c3ccc4cc[nH]c4c3)c2)cc1		CHEMBL4440465	=	IC50	nM	29000.0	CHEMBL5667	Homo sapiens	IC50	uM	29.0
	19269410	CHEMBL4406334	Inhibition of GST-tagged recombinant PI5P4Kbeta (unknown origin) incubated for 1 hr in presence of DPPS and PI5P by ADP-Glo assay	B	CS(=O)(=O)Nc1ccc(-c2cncc(-c3ccc4[nH]ccc4c3)c2)cc1		CHEMBL4456203	=	IC50	nM	22000.0	CHEMBL5667	Homo sapiens	IC50	uM	22.0
	19269411	CHEMBL4406334	Inhibition of GST-tagged recombinant PI5P4Kbeta (unknown origin) incubated for 1 hr in presence of DPPS and PI5P by ADP-Glo assay	B	CS(=O)(=O)Nc1ccc(-c2cncc(-c3cccc4[nH]ccc34)c2)cc1		CHEMBL4455633	=	IC50	nM	9400.0	CHEMBL5667	Homo sapiens	IC50	uM	9.4
	19269412	CHEMBL4406334	Inhibition of GST-tagged recombinant PI5P4Kbeta (unknown origin) incubated for 1 hr in presence of DPPS and PI5P by ADP-Glo assay	B	CC(=O)Nc1cccc(Nc2cncc(-c3ccc(NS(C)(=O)=O)cc3)c2)c1		CHEMBL4454398	=	IC50	nM	45000.0	CHEMBL5667	Homo sapiens	IC50	uM	45.0
	19269413	CHEMBL4406334	Inhibition of GST-tagged recombinant PI5P4Kbeta (unknown origin) incubated for 1 hr in presence of DPPS and PI5P by ADP-Glo assay	B	CC(=O)Nc1cccc(Oc2cncc(-c3ccc(NS(C)(=O)=O)cc3)c2)c1		CHEMBL4573568	=	IC50	nM	25000.0	CHEMBL5667	Homo sapiens	IC50	uM	25.0
	19269414	CHEMBL4406334	Inhibition of GST-tagged recombinant PI5P4Kbeta (unknown origin) incubated for 1 hr in presence of DPPS and PI5P by ADP-Glo assay	B	CNC(=O)Nc1ccc(-c2cncc(-c3ccc(NS(C)(=O)=O)cc3)c2)cc1		CHEMBL4449110	=	IC50	nM	43000.0	CHEMBL5667	Homo sapiens	IC50	uM	43.0
	19269415	CHEMBL4406334	Inhibition of GST-tagged recombinant PI5P4Kbeta (unknown origin) incubated for 1 hr in presence of DPPS and PI5P by ADP-Glo assay	B	CC(=O)Nc1cccc(-c2cncc(-c3ccc(NS(C)(=O)=O)cc3)c2)c1		CHEMBL4567681	=	IC50	nM	36000.0	CHEMBL5667	Homo sapiens	IC50	uM	36.0
	19269416	CHEMBL4406334	Inhibition of GST-tagged recombinant PI5P4Kbeta (unknown origin) incubated for 1 hr in presence of DPPS and PI5P by ADP-Glo assay	B	CS(=O)(=O)Nc1ccc(-c2cncc(-c3cccc4c3CC(=O)N4)c2)cc1		CHEMBL4467678	=	IC50	nM	15000.0	CHEMBL5667	Homo sapiens	IC50	uM	15.0
	19269417	CHEMBL4406334	Inhibition of GST-tagged recombinant PI5P4Kbeta (unknown origin) incubated for 1 hr in presence of DPPS and PI5P by ADP-Glo assay	B	CS(=O)(=O)Nc1ccc(-c2cncc(/C=C3\CC(=O)NC3=O)c2)cc1		CHEMBL4559878	=	IC50	nM	27000.0	CHEMBL5667	Homo sapiens	IC50	uM	27.0
	19269418	CHEMBL4406334	Inhibition of GST-tagged recombinant PI5P4Kbeta (unknown origin) incubated for 1 hr in presence of DPPS and PI5P by ADP-Glo assay	B	CS(=O)(=O)Nc1ccc(-c2cncc(/C=C3\OC(=O)NC3=O)c2)cc1		CHEMBL4540008	>	IC50	nM	50000.0	CHEMBL5667	Homo sapiens	IC50	uM	50.0
	19269419	CHEMBL4406334	Inhibition of GST-tagged recombinant PI5P4Kbeta (unknown origin) incubated for 1 hr in presence of DPPS and PI5P by ADP-Glo assay	B	CS(=O)(=O)Nc1ccc(-c2cncc(/C=C3\SC(=O)NC3=O)c2)cc1		CHEMBL4447308	=	IC50	nM	1900.0	CHEMBL5667	Homo sapiens	IC50	uM	1.9
	19269420	CHEMBL4406334	Inhibition of GST-tagged recombinant PI5P4Kbeta (unknown origin) incubated for 1 hr in presence of DPPS and PI5P by ADP-Glo assay	B	CS(=O)(=O)Nc1ccc(-c2cncc(/C=C3\SC(=N)NC3=O)c2)cc1		CHEMBL4436648	=	IC50	nM	1700.0	CHEMBL5667	Homo sapiens	IC50	uM	1.7
	19269445	CHEMBL4406332	Binding affinity to recombinant PI5P4Kbeta (unknown origin) assessed as protein-labeling at 10 uM incubated for 2 hrs by mass spectrometry	B	CN(C)C/C=C/C(=O)Nc1ccc(C(=O)Nc2cccc(Nc3cc(-c4c[nH]c5ccccc45)ncn3)c2)cc1		CHEMBL4446338	=	Activity	%	63.0	CHEMBL5667	Homo sapiens	Activity	%	63.0
	19269446	CHEMBL4406332	Binding affinity to recombinant PI5P4Kbeta (unknown origin) assessed as protein-labeling at 10 uM incubated for 2 hrs by mass spectrometry	B	CS(=O)(=O)Nc1ccc(-c2cncc(/C=C3\SC(=N)NC3=O)c2)cc1		CHEMBL4436648	=	Activity	%	14.0	CHEMBL5667	Homo sapiens	Activity	%	14.0
	19269450	CHEMBL4406334	Inhibition of GST-tagged recombinant PI5P4Kbeta (unknown origin) incubated for 1 hr in presence of DPPS and PI5P by ADP-Glo assay	B	N=C1NC(=O)/C(=C/c2cncc(-c3ccc(OC(F)(F)F)cc3)c2)S1		CHEMBL4443959	>	IC50	nM	50000.0	CHEMBL5667	Homo sapiens	IC50	uM	50.0
	19269451	CHEMBL4406334	Inhibition of GST-tagged recombinant PI5P4Kbeta (unknown origin) incubated for 1 hr in presence of DPPS and PI5P by ADP-Glo assay	B	N=C1NC(=O)/C(=C/c2cncc(-c3ccc(C(F)(F)F)cc3)c2)S1		CHEMBL4475338	=	IC50	nM	26000.0	CHEMBL5667	Homo sapiens	IC50	uM	26.0
	19269452	CHEMBL4406334	Inhibition of GST-tagged recombinant PI5P4Kbeta (unknown origin) incubated for 1 hr in presence of DPPS and PI5P by ADP-Glo assay	B	N=C1NC(=O)/C(=C/c2cncc(-c3ccc(F)cc3)c2)S1		CHEMBL4441998	=	IC50	nM	28000.0	CHEMBL5667	Homo sapiens	IC50	uM	28.0
	19269453	CHEMBL4406334	Inhibition of GST-tagged recombinant PI5P4Kbeta (unknown origin) incubated for 1 hr in presence of DPPS and PI5P by ADP-Glo assay	B	CN(C)c1ccc(-c2cncc(/C=C3\SC(=N)NC3=O)c2)cc1		CHEMBL4538609	>	IC50	nM	50000.0	CHEMBL5667	Homo sapiens	IC50	uM	50.0
	19269454	CHEMBL4406334	Inhibition of GST-tagged recombinant PI5P4Kbeta (unknown origin) incubated for 1 hr in presence of DPPS and PI5P by ADP-Glo assay	B	COc1ccc(-c2cncc(/C=C3\SC(=N)NC3=O)c2)c2ccccc12		CHEMBL4459957	>	IC50	nM	50000.0	CHEMBL5667	Homo sapiens	IC50	uM	50.0
	19269455	CHEMBL4406334	Inhibition of GST-tagged recombinant PI5P4Kbeta (unknown origin) incubated for 1 hr in presence of DPPS and PI5P by ADP-Glo assay	B	CS(=O)(=O)Nc1ccc(-c2cnc(N)c(/C=C3\SC(=N)NC3=O)c2)cc1		CHEMBL4436057	=	IC50	nM	25000.0	CHEMBL5667	Homo sapiens	IC50	uM	25.0
	19269456	CHEMBL4406334	Inhibition of GST-tagged recombinant PI5P4Kbeta (unknown origin) incubated for 1 hr in presence of DPPS and PI5P by ADP-Glo assay	B	CS(=O)(=O)Nc1ccc(-c2cc(/C=C3\SC(=N)NC3=O)cnc2N)cc1		CHEMBL4454033	=	IC50	nM	2700.0	CHEMBL5667	Homo sapiens	IC50	uM	2.7
Not Active	19269485	CHEMBL4406337	Induction of stabilization of PI5P4Kbeta in HEK293T cells at 1 to 15 uM incubated for 1 hr at 40 to 67 degC by Western blot analysis based isothermal CETSA method	B	CS(=O)(=O)Nc1ccc(-c2cncc(/C=C3\SC(=N)NC3=O)c2)cc1		CHEMBL4436648		Activity			CHEMBL5667	Homo sapiens	Activity		
Dose-dependent effect	19269486	CHEMBL4406337	Induction of stabilization of PI5P4Kbeta in HEK293T cells at 1 to 15 uM incubated for 1 hr at 40 to 67 degC by Western blot analysis based isothermal CETSA method	B	CS(=O)(=O)Nc1ccc(-c2cncc(/C=C3\SC(=O)NC3=O)c2)cc1		CHEMBL4447308		Activity			CHEMBL5667	Homo sapiens	Activity		
Active	19269487	CHEMBL4406337	Induction of stabilization of PI5P4Kbeta in HEK293T cells at 1 to 15 uM incubated for 1 hr at 40 to 67 degC by Western blot analysis based isothermal CETSA method	B	CS(=O)(=O)Nc1ccc(-c2cncc(-c3cccc4[nH]ccc34)c2)cc1		CHEMBL4455633		Activity			CHEMBL5667	Homo sapiens	Activity		
	20669025	CHEMBL4620266	Inhibition of biotinylated ligand binding to wild-type human full length PIP5K2B (M1 to T416 residues) expressed in bacterial expression system at 50 nM measured after 1 hr by kinomescan assay relative to control	B	CN(C)[C@@H]1CC[C@@]2(C)[C@@H](CC[C@H]3[C@@H]4CC=C(c5cccc6cnccc56)[C@@]4(C)CC[C@@H]32)C1		CHEMBL4637601	>	Inhibition	%	80.0	CHEMBL5667	Homo sapiens	INH	%	80.0
	22915627	CHEMBL4735403	Inhibition of human full length PIP5K2B (M1 to T416 residues) expressed in bacterial expression system assessed as residual activity at 1 uM by kinomescan method relative to control	B	Nc1n[nH]c2cc(-c3ccc(=O)n(Cc4cccc(Cl)c4)c3)ccc12		CHEMBL4764756	=	Activity	%	24.0	CHEMBL5667	Homo sapiens	Activity	%	24.0
	22926370	CHEMBL4737649	Inhibition of human full length PIP5K2B (M1 to T416 residues) expressed in bacterial expression system assessed as residual activity at 10 uM by kinome scan method relative to control	B	COc1ncc(-c2ccc3nccc(/C(C)=C/C(=O)N4CCN(C)CC4)c3c2)cc1NS(=O)(=O)c1ccc(F)cc1F		CHEMBL4739883	=	Activity	%	9.4	CHEMBL5667	Homo sapiens	Activity	%	9.4
	23122390	CHEMBL4804757	Inhibition of PIP4K2B in human NCI-H929 cells by mass spectroscopic analysis	B	COc1cc(NS(=O)(=O)C2CC2)ccc1-c1cnc(N)c(-c2ccc3c(c2)CCNC3=O)c1	Outside typical range	CHEMBL4867931	=	IC50	nM	-31500.0	CHEMBL5667	Homo sapiens	IC50	uM	-31.5
	23122391	CHEMBL4804757	Inhibition of PIP4K2B in human NCI-H929 cells by mass spectroscopic analysis	B	Nc1ncc(-c2ccc(NS(=O)(=O)C3CC3)cc2F)cc1-c1ccc2c(c1)CCNC2=O	Outside typical range	CHEMBL4855730	=	IC50	nM	-47100.0	CHEMBL5667	Homo sapiens	IC50	uM	-47.1
	23122392	CHEMBL4804757	Inhibition of PIP4K2B in human NCI-H929 cells by mass spectroscopic analysis	B	Nc1ncc(-c2ccc(NS(=O)(=O)C3CC3)cc2OC2CCCCC2)cc1-c1ccc2c(c1)CCNC2=O	Outside typical range	CHEMBL4868141	=	IC50	nM	-8900.0	CHEMBL5667	Homo sapiens	IC50	uM	-8.9
	23122393	CHEMBL4804758	Inhibition of PIP4K2B in human NCI-H929 cells at 10 uM by mass spectroscopic analysis relative to control	B	COc1cc(NS(=O)(=O)C2CC2)ccc1-c1cnc(N)c(-c2ccc3c(c2)CCNC3=O)c1		CHEMBL4867931	=	Inhibition	%	0.0	CHEMBL5667	Homo sapiens	INH	%	0.0
	23122394	CHEMBL4804758	Inhibition of PIP4K2B in human NCI-H929 cells at 10 uM by mass spectroscopic analysis relative to control	B	Nc1ncc(-c2ccc(NS(=O)(=O)C3CC3)cc2F)cc1-c1ccc2c(c1)CCNC2=O		CHEMBL4855730	=	Inhibition	%	0.0	CHEMBL5667	Homo sapiens	INH	%	0.0
	23122395	CHEMBL4804758	Inhibition of PIP4K2B in human NCI-H929 cells at 10 uM by mass spectroscopic analysis relative to control	B	Nc1ncc(-c2ccc(NS(=O)(=O)C3CC3)cc2OC2CCCCC2)cc1-c1ccc2c(c1)CCNC2=O		CHEMBL4868141	=	Inhibition	%	0.0	CHEMBL5667	Homo sapiens	INH	%	0.0
	23122757	CHEMBL4805108	Inhibition of human PIP5K2B assessed as percent of control at 2000 nM by KINOMEscan assay relative to control	B	CN1CCN(C(=O)c2ccc3cc(CCNc4ccnc5ccc(C#N)cc45)ccc3c2)CC1		CHEMBL4878072	=	Activity	%	85.0	CHEMBL5667	Homo sapiens	Activity	%	85.0
	23123452	CHEMBL4805696	Inhibition of human PIP5K2B assessed as percent of control at 1000 nM by KINOMEscan assay relative to control	B	COc1cc2nc(NC3CC3)nc(NC3CCN(C(C)C)CC3)c2cc1OC.O=C(O)C(F)(F)F		CHEMBL4870304	=	Activity	%	100.0	CHEMBL5667	Homo sapiens	Activity	%	100.0
	23123907	CHEMBL4806151	Inhibition of DNA-tagged human PIP5K2B assessed as percent of control at 50000 nM by qPCR analysis relative to control	B	CN1C(=O)/C(=C2/C(=O)Nc3ccccc32)c2ccccc21		CHEMBL607535	=	Activity	%	100.0	CHEMBL5667	Homo sapiens	Activity	%	100.0
	23124994	CHEMBL4806713	Inhibition of human PIP5K2B assessed as percent of control at 2000 nM by KINOMEscan assay relative to control	B	CN(C)C(=O)c1ccc(N2CCCN(c3ccnc4sc(C(N)=O)c(N)c34)CC2)cc1		CHEMBL2348350	=	Activity	%	92.0	CHEMBL5667	Homo sapiens	Activity	%	92.0
	23124995	CHEMBL4806713	Inhibition of human PIP5K2B assessed as percent of control at 2000 nM by KINOMEscan assay relative to control	B	CN(C)C(=O)c1ccc(N2CCCN(c3ccnc4sc(C(N)=O)c(N)c34)CC2)cc1		CHEMBL2348350	=	Activity	%	95.0	CHEMBL5667	Homo sapiens	Activity	%	95.0
	23240831	CHEMBL4829156	Inhibition of wild-type human full length PIP5K2B (M1 to T416 residues) expressed in bacterial expression system assessed as residual binding level at 1 uM by Kinomescan method relative to control	B	CC(C)C[C@@H](N)C(=O)Nc1ccc(-c2cnco2)c(OC(F)F)c1		CHEMBL4872886	=	Activity	%	6.2	CHEMBL5667	Homo sapiens	Activity	%	6.2
Not Active	23317593	CHEMBL4879899	KinomeScan assay: inhibition of PIP5K2B	B	CCC(=N\O)/C(C)=C/c1ccc(F)cc1		CHEMBL3697701		% Control	%	91.0	CHEMBL5667	Homo sapiens	% Control	%	91.0
Not Active	23318061	CHEMBL4879899	KinomeScan assay: inhibition of PIP5K2B	B	CCC(=N\O)/C(C)=C/c1ccc(F)c(C)c1		CHEMBL3701197		% Control	%	74.0	CHEMBL5667	Homo sapiens	% Control	%	74.0
Not Active	23318727	CHEMBL4879899	KinomeScan assay: inhibition of PIP5K2B	B	Cn1cncc1[C@](O)(COc1ccc(C#N)cc1-c1ccc(OC(F)(F)F)cc1)c1ccc(C#N)cc1		CHEMBL4586794		% Control	%	100.0	CHEMBL5667	Homo sapiens	% Control	%	100.0
Not Active	23319211	CHEMBL4879899	KinomeScan assay: inhibition of PIP5K2B	B	Cn1cncc1[C@@](O)(COc1ccc(C#N)cc1-c1ccc(OC(F)(F)F)cc1)c1ccc(C#N)cc1		CHEMBL4526341		% Control	%	100.0	CHEMBL5667	Homo sapiens	% Control	%	100.0
Not Active	23319848	CHEMBL4879899	KinomeScan assay: inhibition of PIP5K2B	B	CCCCN(CCCC)C(=O)CN1C[C@H](c2cc(OC)c3c(c2)OCO3)[C@@H](C(=O)O)[C@@H]1CC(C)(C)CCC		CHEMBL111612		% Control	%	100.0	CHEMBL5667	Homo sapiens	% Control	%	100.0
Not Active	23320323	CHEMBL4879899	KinomeScan assay: inhibition of PIP5K2B	B	CCCCN(CCCC)C(=O)CN1C[C@@H](c2cc(OC)c3c(c2)OCO3)[C@H](C(=O)O)[C@H]1CC(C)(C)CCC		CHEMBL4513786		% Control	%	59.8	CHEMBL5667	Homo sapiens	% Control	%	59.8
Not Active	23321001	CHEMBL4879899	KinomeScan assay: inhibition of PIP5K2B	B	c1ccc(N2CCN(Cc3nc4ccccc4[nH]3)CC2)nc1		CHEMBL440687		% Control	%	100.0	CHEMBL5667	Homo sapiens	% Control	%	100.0
Not Active	23321469	CHEMBL4879899	KinomeScan assay: inhibition of PIP5K2B	B	CSc1cccnc1N1CCN(Cc2nc3ccccc3[nH]2)CC1		CHEMBL4630641		% Control	%	100.0	CHEMBL5667	Homo sapiens	% Control	%	100.0
Not Active	23322099	CHEMBL4879899	KinomeScan assay: inhibition of PIP5K2B	B	CCCOc1ccc([C@H]2[C@H](C(=O)O)[C@@H](c3ccc4c(c3)OCO4)CN2CC(=O)Nc2c(CC)cccc2CC)cc1		CHEMBL332794		% Control	%	97.0	CHEMBL5667	Homo sapiens	% Control	%	97.0
Not Active	23322567	CHEMBL4879899	KinomeScan assay: inhibition of PIP5K2B	B	CCCOc1ccc([C@@H]2[C@@H](C(=O)O)[C@H](c3ccc4c(c3)OCO4)CN2CC(=O)Nc2c(CC)cccc2CC)cc1		CHEMBL4533479		% Control	%	80.0	CHEMBL5667	Homo sapiens	% Control	%	80.0
Not Active	23323256	CHEMBL4879899	KinomeScan assay: inhibition of PIP5K2B	B	COc1ccc2c(c1)O[C@@H](c1ccc(OC)c(OC)c1)C[C@H]2NC(=O)C1(c2ccc3c(c2)OC(F)(F)O3)CC1		CHEMBL4093612		% Control	%	100.0	CHEMBL5667	Homo sapiens	% Control	%	100.0
Not Active	23323724	CHEMBL4879899	KinomeScan assay: inhibition of PIP5K2B	B	COc1ccc2c(c1)O[C@H](c1ccc(OC)c(OC)c1)C[C@@H]2NC(=O)C1(c2ccc3c(c2)OC(F)(F)O3)CC1		CHEMBL4066040		% Control	%	80.0	CHEMBL5667	Homo sapiens	% Control	%	80.0
Not Active	23324578	CHEMBL4879899	KinomeScan assay: inhibition of PIP5K2B	B	CC1=C(C#N)[C@@H](c2ccc3[nH]nc(C)c3c2)C(C#N)=C(c2ccc(Cl)cc2)N1		CHEMBL4522773		% Control	%	69.3	CHEMBL5667	Homo sapiens	% Control	%	69.3
Not Active	23325213	CHEMBL4879899	KinomeScan assay: inhibition of PIP5K2B	B	O=C(c1ccc(OCCC2CCOCC2)cc1)[C@H]1CC[C@@H](Cn2nnc3ccccc3c2=O)[C@@H]1C(=O)O		CHEMBL4585243		% Control	%	84.0	CHEMBL5667	Homo sapiens	% Control	%	84.0
Not Active	23325681	CHEMBL4879899	KinomeScan assay: inhibition of PIP5K2B	B	O=C(c1ccc(OCCC2CCOCC2)cc1)[C@@H]1CC[C@H](Cn2nnc3ccccc3c2=O)[C@H]1C(=O)O		CHEMBL4539943		% Control	%	81.0	CHEMBL5667	Homo sapiens	% Control	%	81.0
Not Active	23326328	CHEMBL4879899	KinomeScan assay: inhibition of PIP5K2B	B	NS(=O)(=O)c1cc(NC(=O)Cc2ccccc2)ccc1Oc1cccc(Cl)c1		CHEMBL4521594		% Control	%	89.0	CHEMBL5667	Homo sapiens	% Control	%	89.0
Not Active	23326796	CHEMBL4879899	KinomeScan assay: inhibition of PIP5K2B	B	NS(=O)(=O)c1cc(NC(=O)C2(c3ccccc3Cl)CC2)ccc1Oc1cccc(Cl)c1		CHEMBL4516843		% Control	%	62.0	CHEMBL5667	Homo sapiens	% Control	%	62.0
Not Active	23327496	CHEMBL4879899	KinomeScan assay: inhibition of PIP5K2B	B	O=C(NCc1ncc(C(F)(F)F)cc1Cl)c1ccc2c(c1)C1(CCS(=O)(=O)CC1)[C@H](C1CC1)N2S(=O)(=O)c1ccc(F)cc1		CHEMBL4537788		% Control	%	89.0	CHEMBL5667	Homo sapiens	% Control	%	89.0
Not Active	23327964	CHEMBL4879899	KinomeScan assay: inhibition of PIP5K2B	B	O=C(NCc1ncc(C(F)(F)F)cc1Cl)c1ccc2c(c1)C1(CCS(=O)(=O)CC1)[C@@H](C1CC1)N2S(=O)(=O)c1ccc(F)cc1		CHEMBL4564312		% Control	%	89.0	CHEMBL5667	Homo sapiens	% Control	%	89.0
Not Active	23328551	CHEMBL4879899	KinomeScan assay: inhibition of PIP5K2B	B	Cc1c(NC(=O)c2cc(C(N)=O)nc3cc(F)ccc23)c(C(F)(F)F)nn1Cc1ccc(C#N)cc1		CHEMBL4448899		% Control	%	88.0	CHEMBL5667	Homo sapiens	% Control	%	88.0
Not Active	23329019	CHEMBL4879899	KinomeScan assay: inhibition of PIP5K2B	B	Cc1c(NC(=O)c2cc(C(N)=O)nc3cc(F)ccc23)c(C(F)(F)F)nn1Cc1ccc(C(C)(C)C)cc1		CHEMBL4552180		% Control	%	91.0	CHEMBL5667	Homo sapiens	% Control	%	91.0
Not Active	23329965	CHEMBL4879899	KinomeScan assay: inhibition of PIP5K2B	B	CN1CCN(c2cnc3c(C4CCN(C(=O)c5ccc(OC(F)(F)F)cc5N)CC4)ncnc3c2)CC1		CHEMBL4445670		% Control	%	79.0	CHEMBL5667	Homo sapiens	% Control	%	79.0
Not Active	23330433	CHEMBL4879899	KinomeScan assay: inhibition of PIP5K2B	B	Cc1nc(C2CCN(C(=O)c3ccc(OC(F)(F)F)cc3N)CC2)c2ncc(N3CCN(C)CC3)cc2n1		CHEMBL4455582		% Control	%	78.0	CHEMBL5667	Homo sapiens	% Control	%	78.0
Not Active	23331189	CHEMBL4879899	KinomeScan assay: inhibition of PIP5K2B	B	O=C(N1CCS(=O)(=O)CC1)N1C[C@H](c2ccc(OC(F)(F)F)cc2)C[C@H](c2nc(C3CC3)no2)C1		CHEMBL4630644		% Control	%	73.0	CHEMBL5667	Homo sapiens	% Control	%	73.0
Not Active	23331657	CHEMBL4879899	KinomeScan assay: inhibition of PIP5K2B	B	Cc1noc([C@H]2C[C@@H](c3ccc(C(F)(F)F)cc3)CN(C(=O)N3CCS(=O)(=O)C3)C2)n1		CHEMBL4630643		% Control	%	100.0	CHEMBL5667	Homo sapiens	% Control	%	100.0
Not Active	23332244	CHEMBL4879899	KinomeScan assay: inhibition of PIP5K2B	B	Cc1cc(C)c(-n2ccn3nc(-c4cccnc4)cc23)cc1NC(=O)c1cc(C#N)cc(S(F)(F)(F)(F)F)c1		CHEMBL3907057		% Control	%	52.2	CHEMBL5667	Homo sapiens	% Control	%	52.2
Not Active	23332710	CHEMBL4879899	KinomeScan assay: inhibition of PIP5K2B	B	Cc1cc(NC(=O)c2cccc(S(F)(F)(F)(F)F)c2)cc(-n2ccn3nc(-c4cccnc4)cc23)c1		CHEMBL4526351		% Control	%	100.0	CHEMBL5667	Homo sapiens	% Control	%	100.0
Not Active	23333428	CHEMBL4879899	KinomeScan assay: inhibition of PIP5K2B	B	CC(=O)C1=C(C)N(c2cccc(C(F)(F)F)c2)C(=O)N[C@@H]1c1ccc(C#N)nc1		CHEMBL3617968		% Control	%	52.8	CHEMBL5667	Homo sapiens	% Control	%	52.8
Not Active	23334067	CHEMBL4879899	KinomeScan assay: inhibition of PIP5K2B	B	CNCc1ccccc1-c1csc([C@@H](C)Nc2nc(C)nc3cc(OC)c(OC)cc23)c1		CHEMBL4535474		% Control	%	100.0	CHEMBL5667	Homo sapiens	% Control	%	100.0
Not Active	23334535	CHEMBL4879899	KinomeScan assay: inhibition of PIP5K2B	B	CNCc1ccccc1-c1csc([C@H](C)Nc2nc(C)nc3cc(OC)c(OC)cc23)c1		CHEMBL4520788		% Control	%	100.0	CHEMBL5667	Homo sapiens	% Control	%	100.0
Not Active	23335514	CHEMBL4879899	KinomeScan assay: inhibition of PIP5K2B	B	Cc1c[nH]c2nccc(Oc3c(F)cc(Nc4cc(Cl)nc(N)n4)cc3F)c12		CHEMBL1971943		% Control	%	90.0	CHEMBL5667	Homo sapiens	% Control	%	90.0
Not Active	23335982	CHEMBL4879899	KinomeScan assay: inhibition of PIP5K2B	B	Cn1cc(Cl)c2c(Oc3c(F)cc(Nc4cc(Cl)nc(N)n4)cc3F)ccnc21		CHEMBL4546802		% Control	%	76.0	CHEMBL5667	Homo sapiens	% Control	%	76.0
Not Active	23336609	CHEMBL4879899	KinomeScan assay: inhibition of PIP5K2B	B	O=C(NC[C@H]1[C@@H]2CN(C(=O)OCc3cc(C(F)(F)F)cc(C(F)(F)F)c3)C[C@H]12)c1ccc2[nH]nnc2c1		CHEMBL4165749		% Control	%	100.0	CHEMBL5667	Homo sapiens	% Control	%	100.0
Not Active	23337077	CHEMBL4879899	KinomeScan assay: inhibition of PIP5K2B	B	Cc1nccc(COC(=O)N2C[C@H]3[C@H](CNC(=O)c4ccc5[nH]nnc5c4)[C@H]3C2)n1		CHEMBL4552354		% Control	%	100.0	CHEMBL5667	Homo sapiens	% Control	%	100.0
Not Active	23338158	CHEMBL4879899	KinomeScan assay: inhibition of PIP5K2B	B	CN(C)C(=O)Cn1cc(-c2nc([C@@](C)(c3ccc(-c4cnc(N)nc4)cc3)C3CC3)no2)cn1		CHEMBL3417525		% Control	%	100.0	CHEMBL5667	Homo sapiens	% Control	%	100.0
Not Active	23338626	CHEMBL4879899	KinomeScan assay: inhibition of PIP5K2B	B	CN(C)C(=O)Cn1cc(-c2nc(C3(c4ccc(-c5cnc(N)nc5)cc4)CC3)no2)cn1		CHEMBL4560241		% Control	%	71.0	CHEMBL5667	Homo sapiens	% Control	%	71.0
Not Active	23339238	CHEMBL4879899	KinomeScan assay: inhibition of PIP5K2B	B	CCS(=O)(=O)c1cc2cc(C[C@](O)(CC(C)(C)c3ccc(F)cc3C(N)=O)C(F)(F)F)[nH]c2cn1		CHEMBL3358954		% Control	%	96.0	CHEMBL5667	Homo sapiens	% Control	%	96.0
Not Active	23339706	CHEMBL4879899	KinomeScan assay: inhibition of PIP5K2B	B	CCS(=O)(=O)c1cc2cc(C[C@@](O)(CC(C)(C)c3ccc(F)cc3C(N)=O)C(F)(F)F)[nH]c2cn1		CHEMBL4531220		% Control	%	85.0	CHEMBL5667	Homo sapiens	% Control	%	85.0
Not Active	23340343	CHEMBL4879899	KinomeScan assay: inhibition of PIP5K2B	B	CS(=O)(=O)c1cc(C2(NC(=O)c3cncc4c3cnn4-c3ccc(F)cc3)CC2)ccn1		CHEMBL4456123		% Control	%	100.0	CHEMBL5667	Homo sapiens	% Control	%	100.0
Not Active	23340811	CHEMBL4879899	KinomeScan assay: inhibition of PIP5K2B	B	CS(=O)(=O)NCC[C@H](NC(=O)c1cncc2c1cnn2-c1ccc(F)cc1)c1ccnc(S(C)(=O)=O)c1		CHEMBL4539555		% Control	%	100.0	CHEMBL5667	Homo sapiens	% Control	%	100.0
Not Active	23341468	CHEMBL4879899	KinomeScan assay: inhibition of PIP5K2B	B	CC(=O)N1CCC(c2ccc(C(=O)NC(=N)N)cc2C(F)(F)F)CC1		CHEMBL2170610		% Control	%	77.0	CHEMBL5667	Homo sapiens	% Control	%	77.0
Not Active	23341936	CHEMBL4879899	KinomeScan assay: inhibition of PIP5K2B	B	CC(=O)N1CCC(c2ccc(C(=O)NC3=NCCN3)cc2C(F)(F)F)CC1		CHEMBL4540759		% Control	%	75.0	CHEMBL5667	Homo sapiens	% Control	%	75.0
Not Active	23342552	CHEMBL4879899	KinomeScan assay: inhibition of PIP5K2B	B	CCC(=O)N[C@H]1CC[C@@H](C(=O)N(C)c2ccc(-c3nc4ccccc4o3)cc2)C1		CHEMBL1834184		% Control	%	54.0	CHEMBL5667	Homo sapiens	% Control	%	54.0
Slightly Active	23343020	CHEMBL4879899	KinomeScan assay: inhibition of PIP5K2B	B	CCC(=O)N[C@@H]1CC[C@H](C(=O)N(C)c2ccc(-c3nc4ccccc4o3)cc2)C1		CHEMBL1834199		% Control	%	45.0	CHEMBL5667	Homo sapiens	% Control	%	45.0
Not Active	23343650	CHEMBL4879899	KinomeScan assay: inhibition of PIP5K2B	B	CCOC(=O)c1cc2cc(-c3cc(C(=O)NCc4ccc(C(=O)O)cc4)nn3C)ccc2[nH]1		CHEMBL1939876		% Control	%	100.0	CHEMBL5667	Homo sapiens	% Control	%	100.0
Not Active	23344118	CHEMBL4879899	KinomeScan assay: inhibition of PIP5K2B	B	Cn1nc(C(=O)NCc2ccc(C(=O)O)cc2)cc1-c1ccc2[nH]ccc2c1		CHEMBL1939880		% Control	%	93.0	CHEMBL5667	Homo sapiens	% Control	%	93.0
Not Active	23344756	CHEMBL4879899	KinomeScan assay: inhibition of PIP5K2B	B	CCOCCn1cc(C(=O)Nc2ccc(-n3nc(-c4cccnc4)cc3C(F)(F)F)cn2)ccc1=O		CHEMBL4516982		% Control	%	68.0	CHEMBL5667	Homo sapiens	% Control	%	68.0
Not Active	23345329	CHEMBL4879899	KinomeScan assay: inhibition of PIP5K2B	B	COc1ccc2c(O[C@@H]3C[C@H]4C(=O)N[C@]5(C(=O)O)CC5/C=C\CCCCC[C@H](NC(=O)OC5CCCC5)C(=O)N4C3)cc(-c3csc(NC(=O)C(C)C)n3)nc2c1C		CHEMBL4588900		% Control	%	100.0	CHEMBL5667	Homo sapiens	% Control	%	100.0
Not Active	23345797	CHEMBL4879899	KinomeScan assay: inhibition of PIP5K2B	B	O=C(N[C@H]1CCCCC/C=C\C2C[C@@]2(C(=O)O)NC(=O)[C@@H]2C[C@@H](Oc3ccncc3)CN2C1=O)OC1CCCC1		CHEMBL4516471		% Control	%	100.0	CHEMBL5667	Homo sapiens	% Control	%	100.0
Not Active	23346374	CHEMBL4879899	KinomeScan assay: inhibition of PIP5K2B	B	Cc1cc(Nc2nccc(C)n2)cc(-c2cnc([C@@]3(O)CC[C@H](C(=O)O)C(C)(C)C3)s2)c1		CHEMBL3685796		% Control	%	79.6	CHEMBL5667	Homo sapiens	% Control	%	79.6
Not Active	23346842	CHEMBL4879899	KinomeScan assay: inhibition of PIP5K2B	B	Cc1ccc(-c2cnc([C@@]3(O)CC[C@H](C(=O)O)C(C)(C)C3)s2)cc1Nc1cccc(C(F)(F)F)n1		CHEMBL4530401		% Control	%	61.3	CHEMBL5667	Homo sapiens	% Control	%	61.3
Slightly Active	23347444	CHEMBL4879899	KinomeScan assay: inhibition of PIP5K2B	B	C[C@@H](NC(=O)Nc1cc2[nH]ncc2c(CO)n1)c1ccccc1		CHEMBL4538174		% Control	%	45.0	CHEMBL5667	Homo sapiens	% Control	%	45.0
Not Active	23347934	CHEMBL4879899	KinomeScan assay: inhibition of PIP5K2B	B	C[C@H](NC(=O)Nc1cc2[nH]ncc2c(CO)n1)c1ccccn1		CHEMBL4557026		% Control	%	99.5	CHEMBL5667	Homo sapiens	% Control	%	99.5
Not Active	23348513	CHEMBL4879899	KinomeScan assay: inhibition of PIP5K2B	B	CC(=O)Nc1c(C(C)=O)c(=O)n(C)c2nc(-c3ccc(Cl)cc3Cl)c(-c3ccc(Cl)cc3)cc12		CHEMBL204232		% Control	%	91.0	CHEMBL5667	Homo sapiens	% Control	%	91.0
Not Active	23348981	CHEMBL4879899	KinomeScan assay: inhibition of PIP5K2B	B	CC(=O)c1c(NS(C)(=O)=O)c2cc(-c3ccc(Cl)cc3)c(-c3ccc(Cl)cc3Cl)nc2n(C)c1=O		CHEMBL4578164		% Control	%	65.0	CHEMBL5667	Homo sapiens	% Control	%	65.0
Not Active	23349568	CHEMBL4879899	KinomeScan assay: inhibition of PIP5K2B	B	O=S(=O)(NC1CCC(c2cc(F)ccc2F)(S(=O)(=O)c2ccc(Cl)cc2)CC1)C(F)(F)F		CHEMBL1091513		% Control	%	68.0	CHEMBL5667	Homo sapiens	% Control	%	68.0
Not Active	23350186	CHEMBL4879899	KinomeScan assay: inhibition of PIP5K2B	B	COc1cc(-c2cn(C3CCc4c(F)cccc4N(CC(F)(F)F)C3=O)nn2)ccc1-n1cnc(C)c1		CHEMBL3609637		% Control	%	73.0	CHEMBL5667	Homo sapiens	% Control	%	73.0
Not Active	23350654	CHEMBL4879899	KinomeScan assay: inhibition of PIP5K2B	B	COc1cc(-c2cn(C3CCc4ccccc4N(CC(F)(F)F)C3=O)nn2)ccc1-n1ccc(C)n1		CHEMBL4534005		% Control	%	65.0	CHEMBL5667	Homo sapiens	% Control	%	65.0
Not Active	23351259	CHEMBL4879899	KinomeScan assay: inhibition of PIP5K2B	B	CN([C@@H]1CCc2c(CC(=O)O)c3ccccc3n2C1)S(=O)(=O)c1ccc(F)cc1		CHEMBL561132		% Control	%	80.0	CHEMBL5667	Homo sapiens	% Control	%	80.0
Not Active	23351727	CHEMBL4879899	KinomeScan assay: inhibition of PIP5K2B	B	CN([C@@H]1CCc2c(CC(=O)O)c3cc(S(C)(=O)=O)ccc3n2C1)S(=O)(=O)c1ccc(F)cc1		CHEMBL1643772		% Control	%	59.0	CHEMBL5667	Homo sapiens	% Control	%	59.0
Not Active	23352751	CHEMBL4879899	KinomeScan assay: inhibition of PIP5K2B	B	C[C@H]1CN(c2cc(-c3n[nH]c4ccc(OC5(C)CC5)cc34)ncn2)C[C@@H](C)O1		CHEMBL4098877		% Control	%	81.0	CHEMBL5667	Homo sapiens	% Control	%	81.0
Not Active	23353219	CHEMBL4879899	KinomeScan assay: inhibition of PIP5K2B	B	C[C@H]1CN(c2cc(-c3nn(C)c4ccc(OC5(C)CC5)cc34)ncn2)C[C@@H](C)O1		CHEMBL4560589		% Control	%	84.0	CHEMBL5667	Homo sapiens	% Control	%	84.0
Not Active	23354101	CHEMBL4879899	KinomeScan assay: inhibition of PIP5K2B	B	O=C(O)c1cc(-c2ccc(C3CCNCC3)cc2)c2ccc(-c3ccc(C(F)(F)F)cc3)cc2c1		CHEMBL1800685		% Control	%	91.0	CHEMBL5667	Homo sapiens	% Control	%	91.0
Not Active	23354569	CHEMBL4879899	KinomeScan assay: inhibition of PIP5K2B	B	Cc1c(C(=O)O)cc(-c2ccc(C3CCNCC3)cc2)c2ccc(-c3ccc(C(F)(F)F)cc3)cc12		CHEMBL4566600		% Control	%	86.0	CHEMBL5667	Homo sapiens	% Control	%	86.0
Not Active	23355301	CHEMBL4879899	KinomeScan assay: inhibition of PIP5K2B	B	COCCOc1nc(-c2ccc(Cl)nc2)nc2c1CN(C(=O)c1ncn3ccccc13)CC2		CHEMBL2204538		% Control	%	59.0	CHEMBL5667	Homo sapiens	% Control	%	59.0
Not Active	23355769	CHEMBL4879899	KinomeScan assay: inhibition of PIP5K2B	B	CC(C)CC(=O)N1CCc2nc(-c3ccc(Br)cc3)nc(N(C)Cc3ccccc3)c2C1		CHEMBL4518342		% Control	%	61.0	CHEMBL5667	Homo sapiens	% Control	%	61.0
Not Active	23356405	CHEMBL4879899	KinomeScan assay: inhibition of PIP5K2B	B	CC(C)(O)c1cncc(-c2nc3ccc(F)cc3n2C2CC2)c1		CHEMBL3582478		% Control	%	99.0	CHEMBL5667	Homo sapiens	% Control	%	99.0
Not Active	23356873	CHEMBL4879899	KinomeScan assay: inhibition of PIP5K2B	B	FC(F)(F)c1ccc2c(c1)nc(-c1cccnc1)n2C1CC1		CHEMBL3582461		% Control	%	82.0	CHEMBL5667	Homo sapiens	% Control	%	82.0
Not Active	23357482	CHEMBL4879899	KinomeScan assay: inhibition of PIP5K2B	B	C[C@H](c1ccc(F)cc1)N(Cc1cccc(C(=O)O)c1)C(=O)c1cnc2ccccc2c1		CHEMBL3577885		% Control	%	96.0	CHEMBL5667	Homo sapiens	% Control	%	96.0
Not Active	23358129	CHEMBL4879899	KinomeScan assay: inhibition of PIP5K2B	B	O=C(Nc1cccnn1)N1CCC(=Cc2cccc(Oc3ccc(C(F)(F)F)cn3)c2)CC1		CHEMBL1651534		% Control	%	83.0	CHEMBL5667	Homo sapiens	% Control	%	83.0
Not Active	23358597	CHEMBL4879899	KinomeScan assay: inhibition of PIP5K2B	B	O=C(Nc1cccnn1)N1CC(C/C=C/c2cncc(Oc3ccc(C(F)(F)F)cn3)n2)C1		CHEMBL4780458		% Control	%	96.0	CHEMBL5667	Homo sapiens	% Control	%	96.0
Not Active	23359183	CHEMBL4879899	KinomeScan assay: inhibition of PIP5K2B	B	COc1cccc(CNC(=O)c2nc3scc(COCc4ccc(C(=O)O)cc4)c3c(=O)[nH]2)c1		CHEMBL3337894		% Control	%	100.0	CHEMBL5667	Homo sapiens	% Control	%	100.0
Not Active	23359781	CHEMBL4879899	KinomeScan assay: inhibition of PIP5K2B	B	C[C@H](c1cccc(C#N)c1)n1cc(Cl)cc(C(N)=O)c1=N		CHEMBL3799292		% Control	%	52.0	CHEMBL5667	Homo sapiens	% Control	%	52.0
Not Active	23360249	CHEMBL4879899	KinomeScan assay: inhibition of PIP5K2B	B	C[C@@H](c1cccc(C#N)c1)n1cc(Cl)cc(C(N)=O)c1=N		CHEMBL3797887		% Control	%	73.0	CHEMBL5667	Homo sapiens	% Control	%	73.0
Not Active	23360834	CHEMBL4879899	KinomeScan assay: inhibition of PIP5K2B	B	Cn1nc(C(F)(F)F)cc1-c1cnc(N2CCc3cc(S(=O)(=O)Nc4c(F)cc(Cl)cc4F)cc(N4CCCC4=O)c32)nc1		CHEMBL4455357		% Control	%	100.0	CHEMBL5667	Homo sapiens	% Control	%	100.0
Not Active	23361302	CHEMBL4879899	KinomeScan assay: inhibition of PIP5K2B	B	Nc1cnc(N2CCc3cc(S(=O)(=O)Nc4c(F)cc(Cl)cc4F)cc(N4CCCC4=O)c32)nc1		CHEMBL4585920		% Control	%	100.0	CHEMBL5667	Homo sapiens	% Control	%	100.0
Not Active	23361875	CHEMBL4879899	KinomeScan assay: inhibition of PIP5K2B	B	Cc1nc(N2CC[C@@H](O)C2)ncc1-c1cc(C(F)(F)F)cc2[nH]ncc12		CHEMBL3799512		% Control	%	100.0	CHEMBL5667	Homo sapiens	% Control	%	100.0
Not Active	23362411	CHEMBL4879899	KinomeScan assay: inhibition of PIP5K2B	B	Cc1cc(-n2nc(Cc3cc(F)cc(C(F)(F)F)c3)nc2C)ccc1C(N)=O		CHEMBL4082756		% Control	%	100.0	CHEMBL5667	Homo sapiens	% Control	%	100.0
Not Active	23362879	CHEMBL4879899	KinomeScan assay: inhibition of PIP5K2B	B	Cc1nc(Cc2cccc(C(F)(F)F)c2)sc1-c1ccc(C(N)=O)nc1		CHEMBL4100408		% Control	%	88.0	CHEMBL5667	Homo sapiens	% Control	%	88.0
Not Active	23364521	CHEMBL4879899	KinomeScan assay: inhibition of PIP5K2B	B	CO[C@H]1CC[C@H](CNc2ccc(S(=O)(=O)NC(=O)c3ccc(N4CCN(CC5=C(c6ccc(Cl)cc6)CC(C)(C)CC5)CC4)cc3Oc3cnc4[nH]ccc4c3)cc2[N+](=O)[O-])CC1		CHEMBL4228713		% Control	%	96.0	CHEMBL5667	Homo sapiens	% Control	%	96.0
Not Active	23364989	CHEMBL4879899	KinomeScan assay: inhibition of PIP5K2B	B	O=C(NS(=O)(=O)c1ccc(NCC2CCOCC2)c([N+](=O)[O-])c1)c1ccc(N2CCN(Cc3ccc(C(F)(F)F)cc3-c3ccc(Cl)cc3)CC2)cc1Oc1cnc2[nH]ccc2c1		CHEMBL4551344		% Control	%	100.0	CHEMBL5667	Homo sapiens	% Control	%	100.0
Not Active	23365728	CHEMBL4879899	KinomeScan assay: inhibition of PIP5K2B	B	CN(C)CC#Cc1ccc(OCCCc2sc(N3CCc4cccc(C(=O)Nc5nc6ccccc6s5)c4C3)nc2C(=O)O)c(F)c1		CHEMBL3342332		% Control	%	80.0	CHEMBL5667	Homo sapiens	% Control	%	80.0
Not Active	23366271	CHEMBL4879899	KinomeScan assay: inhibition of PIP5K2B	B	Cc1c(Oc2c(F)cccc2F)c(OC(C)C)nn1-c1ncc(C2CC2)cc1F		CHEMBL3589752		% Control	%	86.0	CHEMBL5667	Homo sapiens	% Control	%	86.0
Not Active	23366861	CHEMBL4879899	KinomeScan assay: inhibition of PIP5K2B	B	Nc1c(C(=O)NCc2ccc(C(=O)NCCCC3CCCCC3)cc2)cnn1-c1ccccc1		CHEMBL4436748		% Control	%	100.0	CHEMBL5667	Homo sapiens	% Control	%	100.0
Not Active	23367329	CHEMBL4879899	KinomeScan assay: inhibition of PIP5K2B	B	O=C(NCCCC1CCCCC1)c1ccc(CNC(=O)c2cnn(-c3ccccc3)c2C(F)(F)F)cc1		CHEMBL4531775		% Control	%	96.0	CHEMBL5667	Homo sapiens	% Control	%	96.0
Not Active	23368207	CHEMBL4879899	KinomeScan assay: inhibition of PIP5K2B	B	O=C(Nc1cnc(Oc2ccc(F)cc2)nc1)N1CCc2ncccc2[C@@H]1c1ccc(F)cc1		CHEMBL4458424		% Control	%	100.0	CHEMBL5667	Homo sapiens	% Control	%	100.0
Not Active	23368675	CHEMBL4879899	KinomeScan assay: inhibition of PIP5K2B	B	O=C(Nc1ccc(Oc2ccc(F)cc2)cc1)N1CCc2ncccc2[C@H]1c1ccc(F)cc1		CHEMBL4592872		% Control	%	97.0	CHEMBL5667	Homo sapiens	% Control	%	97.0
Not Active	23369274	CHEMBL4879899	KinomeScan assay: inhibition of PIP5K2B	B	C[C@H](c1ccnc(Nc2nc3ccc(-c4cc(N(C)C)ncn4)cc3[nH]2)c1)N1CCN(C(=O)CC(F)(F)F)CC1		CHEMBL4537673		% Control	%	75.0	CHEMBL5667	Homo sapiens	% Control	%	75.0
Not Active	23369742	CHEMBL4879899	KinomeScan assay: inhibition of PIP5K2B	B	CN(C)c1ncnc(-c2ccc3nc(Nc4cc(CN5CCN(C(=O)CC(F)(F)F)CC5)ccn4)[nH]c3c2)c1Cl		CHEMBL4538591		% Control	%	52.0	CHEMBL5667	Homo sapiens	% Control	%	52.0
Not Active	23370710	CHEMBL4879899	KinomeScan assay: inhibition of PIP5K2B	B	CCc1ccccc1C(=O)Nc1n[nH]c2c(C)c(F)c(C3C(C#N)=C(C)N(C)C(C)=C3C#N)cc12		CHEMBL4580220		% Control	%	91.0	CHEMBL5667	Homo sapiens	% Control	%	91.0
Not Active	23371178	CHEMBL4879899	KinomeScan assay: inhibition of PIP5K2B	B	CC1=C(C#N)C(c2ccc3c(c2)c(NC(=O)c2ccccc2C)nn3C)C(C#N)=C(C)N1		CHEMBL4630642		% Control	%	83.0	CHEMBL5667	Homo sapiens	% Control	%	83.0
Not Active	23371987	CHEMBL4879899	KinomeScan assay: inhibition of PIP5K2B	B	CS(=O)(=O)N1CCCC(NC(=O)[C@H](CCC2CCCCC2)NC(=O)c2ccc(CNC(=O)c3cnc4ccccn34)cc2)C1		CHEMBL4591082		% Control	%	100.0	CHEMBL5667	Homo sapiens	% Control	%	100.0
Not Active	23372455	CHEMBL4879899	KinomeScan assay: inhibition of PIP5K2B	B	CS(=O)(=O)N1CCCC(NC(=O)[C@H](CCC2CCCCC2)NC(=O)c2ccc(CNc3ncnc4c3nnn4-c3ccccc3)cc2)C1		CHEMBL4568183		% Control	%	100.0	CHEMBL5667	Homo sapiens	% Control	%	100.0
Not Active	23375882	CHEMBL4879899	KinomeScan assay: inhibition of PIP5K2B	B	O=C1CCc2cc(Nc3cc(OC4CCOCC4)c([N+](=O)[O-])cc3Cl)ccc2N1		CHEMBL4075278		% Control	%	100.0	CHEMBL5667	Homo sapiens	% Control	%	100.0
Not Active	23376350	CHEMBL4879899	KinomeScan assay: inhibition of PIP5K2B	B	N#Cc1ccc(Nc2ccc3[nH]c(=O)[nH]c3c2)c(Cl)c1		CHEMBL4063249		% Control	%	74.0	CHEMBL5667	Homo sapiens	% Control	%	74.0
Not Active	23376927	CHEMBL4879899	KinomeScan assay: inhibition of PIP5K2B	B	O=c1nc(-c2ccccn2)sc2ccccc12		CHEMBL4516611		% Control	%	100.0	CHEMBL5667	Homo sapiens	% Control	%	100.0
Not Active	23377395	CHEMBL4879899	KinomeScan assay: inhibition of PIP5K2B	B	O=C1NC(c2ccccn2)Sc2ccccc21		CHEMBL4561806		% Control	%	100.0	CHEMBL5667	Homo sapiens	% Control	%	100.0
Not Active	23378255	CHEMBL4879899	KinomeScan assay: inhibition of PIP5K2B	B	CNC(=O)Nc1ccc2c(c1)CC[C@@]21OC(=O)N(CC(=O)N(Cc2ccc(F)cc2)[C@@H](C)C(F)(F)F)C1=O		CHEMBL4282264		% Control	%	69.0	CHEMBL5667	Homo sapiens	% Control	%	69.0
Not Active	23378723	CHEMBL4879899	KinomeScan assay: inhibition of PIP5K2B	B	CNC(=O)Nc1ccc2c(c1)[C@@]1(CC2)OC(=O)N(CC(=O)N(Cc2ccc(F)cc2)[C@@H](C)C(F)(F)F)C1=O		CHEMBL4536197		% Control	%	60.0	CHEMBL5667	Homo sapiens	% Control	%	60.0
Not Active	23379890	CHEMBL4879899	KinomeScan assay: inhibition of PIP5K2B	B	N#CC1(c2ccccn2)CCN(Cc2cc(C(=O)O)c(=O)n3ccccc23)CC1		CHEMBL1800285		% Control	%	100.0	CHEMBL5667	Homo sapiens	% Control	%	100.0
Not Active	23380358	CHEMBL4879899	KinomeScan assay: inhibition of PIP5K2B	B	N#CC1(c2ccccn2)CCN(Cc2cc(C(=O)N3CCCC3)c(=O)n3ccccc23)CC1		CHEMBL2204283		% Control	%	62.0	CHEMBL5667	Homo sapiens	% Control	%	62.0
Not Active	23381052	CHEMBL4879899	KinomeScan assay: inhibition of PIP5K2B	B	COc1ccc2cc(OCC3(C(=O)O)CN(C(=O)c4ccc(F)cc4)C3)ccc2c1		CHEMBL3286797		% Control	%	74.0	CHEMBL5667	Homo sapiens	% Control	%	74.0
Not Active	23381700	CHEMBL4879899	KinomeScan assay: inhibition of PIP5K2B	B	C[C@H](NC(=O)c1cnc2n1[C@](C)(Cc1ccc(C#N)cc1)C(=O)N2c1cc(Cl)c(F)c(Cl)c1)C(=O)NC1(c2ccccn2)CC1		CHEMBL4530740		% Control	%	100.0	CHEMBL5667	Homo sapiens	% Control	%	100.0
Not Active	23382168	CHEMBL4879899	KinomeScan assay: inhibition of PIP5K2B	B	C[C@@]1(Cc2ccc(C#N)cc2)C(=O)N(c2cc(Cl)cc(Cl)c2)c2ncc(C(=O)NC3(c4nc(C5CCC5)no4)CC3)n21		CHEMBL4577237		% Control	%	97.0	CHEMBL5667	Homo sapiens	% Control	%	97.0
Not Active	23382792	CHEMBL4879899	KinomeScan assay: inhibition of PIP5K2B	B	CNC(=O)c1ccc(Nc2ncc(C(F)(F)F)c(NCc3nccnc3N(C)S(C)(=O)=O)n2)cc1		CHEMBL3137331		% Control	%	91.0	CHEMBL5667	Homo sapiens	% Control	%	91.0
Active	23383260	CHEMBL4879899	KinomeScan assay: inhibition of PIP5K2B	B	CN(c1ccnc(CNc2nc(Nc3ccc4c(c3)CC(=O)N4)ncc2C(F)(F)F)n1)S(C)(=O)=O		CHEMBL4518706		% Control	%	4.8	CHEMBL5667	Homo sapiens	% Control	%	4.8
Not Active	23383645	CHEMBL4887301	PI4K2B Invitrogen Lab (UK) kinase screen (BI)	B	CCC(F)(F)c1cc(N2CCC(S(C)(=O)=O)CC2)nc2sc(C(N)=O)c(N)c12		CHEMBL4522930		% Ctrl	%	102.0	CHEMBL5667	Homo sapiens	% Ctrl	%	102.0
Not Active	23385175	CHEMBL4879899	KinomeScan assay: inhibition of PIP5K2B	B	CO[C@@H](C)c1c(Nc2ccc([C@H](N(C)C(=O)C3CCS(=O)(=O)CC3)C(F)(F)F)cc2)cnc2cc(Cl)nn12		CHEMBL4568735		% Control	%	100.0	CHEMBL5667	Homo sapiens	% Control	%	100.0
Not Active	23385642	CHEMBL4879899	KinomeScan assay: inhibition of PIP5K2B	B	CO[C@@H](C)c1c(Nc2ccc([C@@H](N(C)C(=O)C3CCS(=O)(=O)CC3)C(F)(F)F)cc2)cnc2cc(Cl)nn12		CHEMBL4584981		% Control	%	100.0	CHEMBL5667	Homo sapiens	% Control	%	100.0
